[archive/local-project-state-20260909 (root-commit) 551c9fa] archive: preserve local project work and bounded qualification evidence
 1174 files changed, 526952 insertions(+)
 create mode 100644 README.md
 create mode 100644 historical-working-tree/.github/workflows/ci.yml
 create mode 100644 historical-working-tree/.gitignore
 create mode 100644 historical-working-tree/CHANGELOG.md
 create mode 100644 historical-working-tree/GKOS_FUNCTIONAL_UPLIFT_HANDOFF_2026-08-24.md
 create mode 100644 historical-working-tree/GKOS_REMAINING_PHASES_JUNIOR_IMPLEMENTATION_GUIDE_2026-08-24.md
 create mode 100644 historical-working-tree/KOSMOS_ODEN_ENGINE_SERVICE_INTEGRATION_HANDOFF_2026-09-05.md
 create mode 100644 historical-working-tree/TECHNICAL_README.md
 create mode 100644 historical-working-tree/build_instruct/Fable_GKOS_NAVIGATION_MOC_PLAN_ASSESSMENT.md
 create mode 100644 historical-working-tree/build_instruct/Fable_assessment.md
 create mode 100644 historical-working-tree/build_instruct/GKOS_Navigation_MOC_Build_Plans_2026-08-15/01_GKOS_ENGINE_NAVIGATION_MOC_BUILD_PLAN.md
 create mode 100644 historical-working-tree/build_instruct/GKOS_Navigation_MOC_Build_Plans_2026-08-15/02_GKOS_ENGINE_DOWNSTREAM_CASCADE_PLAN.md
 create mode 100644 historical-working-tree/build_instruct/GKOS_Navigation_MOC_Build_Plans_2026-08-15/03_KOSMOS_ODEN_NAVIGATION_MOC_INTEGRATION_PLAN.md
 create mode 100644 historical-working-tree/build_instruct/GKOS_Navigation_MOC_Build_Plans_2026-08-15/04_GKOS_STANDARD_NAVIGATION_MOC_IMPLICATIONS_AND_PROPOSAL_PLAN.md
 create mode 100644 historical-working-tree/build_instruct/GKOS_Navigation_MOC_Reconciliation_2026-08-15/00_README_AND_DECISION.md
 create mode 100644 historical-working-tree/build_instruct/GKOS_Navigation_MOC_Reconciliation_2026-08-15/01_EVIDENCE_AND_IMPACT_ASSESSMENT.md
 create mode 100644 historical-working-tree/build_instruct/GKOS_Navigation_MOC_Reconciliation_2026-08-15/02_COLLISION_AND_RECONCILIATION_PLAN.md
 create mode 100644 historical-working-tree/build_instruct/GKOS_Navigation_MOC_Reconciliation_2026-08-15/03_FINAL_ENGINE_NAVIGATION_SCHEMA_REWRITE.md
 create mode 100644 historical-working-tree/build_instruct/GKOS_Navigation_MOC_Reconciliation_2026-08-15/04_SOFTWARE_UPGRADE_AND_RELEASE_PLAN.md
 create mode 100644 historical-working-tree/build_instruct/GKOS_Navigation_MOC_Reconciliation_2026-08-15/05_GKOS_STANDARD_UPDATE_PLAN.md
 create mode 100644 historical-working-tree/build_instruct/GKOS_Navigation_MOC_Reconciliation_2026-08-15/06_ECOSYSTEM_IMPACT_ANALYSIS.md
 create mode 100644 historical-working-tree/build_instruct/GKOS_Navigation_MOC_Reconciliation_2026-08-15/07_EVIDENCE_TRACEABILITY.md
 create mode 100644 historical-working-tree/contracts/navigation-effects/ENGINE-NAV-EFFECTS-CONTRACT-1.0.0/fixtures.manifest.json
 create mode 100644 historical-working-tree/contracts/navigation-effects/ENGINE-NAV-EFFECTS-CONTRACT-1.0.0/fixtures/ambiguous-lineage.json
 create mode 100644 historical-working-tree/contracts/navigation-effects/ENGINE-NAV-EFFECTS-CONTRACT-1.0.0/fixtures/conflict.json
 create mode 100644 historical-working-tree/contracts/navigation-effects/ENGINE-NAV-EFFECTS-CONTRACT-1.0.0/fixtures/denied.json
 create mode 100644 historical-working-tree/contracts/navigation-effects/ENGINE-NAV-EFFECTS-CONTRACT-1.0.0/fixtures/malformed-markers.json
 create mode 100644 historical-working-tree/contracts/navigation-effects/ENGINE-NAV-EFFECTS-CONTRACT-1.0.0/fixtures/no-op.json
 create mode 100644 historical-working-tree/contracts/navigation-effects/ENGINE-NAV-EFFECTS-CONTRACT-1.0.0/fixtures/path-escape.json
 create mode 100644 historical-working-tree/contracts/navigation-effects/ENGINE-NAV-EFFECTS-CONTRACT-1.0.0/fixtures/recovery.json
 create mode 100644 historical-working-tree/contracts/navigation-effects/ENGINE-NAV-EFFECTS-CONTRACT-1.0.0/fixtures/stale.json
 create mode 100644 historical-working-tree/contracts/navigation-effects/ENGINE-NAV-EFFECTS-CONTRACT-1.0.0/fixtures/success.json
 create mode 100644 historical-working-tree/contracts/navigation-effects/ENGINE-NAV-EFFECTS-CONTRACT-1.0.0/manifest.json
 create mode 100644 historical-working-tree/contracts/navigation-effects/ENGINE-NAV-EFFECTS-CONTRACT-1.0.0/schemas/agent-grant.schema.json
 create mode 100644 historical-working-tree/contracts/navigation-effects/ENGINE-NAV-EFFECTS-CONTRACT-1.0.0/schemas/agent-write-request.schema.json
 create mode 100644 historical-working-tree/contracts/navigation-effects/ENGINE-NAV-EFFECTS-CONTRACT-1.0.0/schemas/agent-write-result.schema.json
 create mode 100644 historical-working-tree/contracts/navigation-effects/ENGINE-NAV-EFFECTS-CONTRACT-1.0.0/schemas/archive-diff.schema.json
 create mode 100644 historical-working-tree/contracts/navigation-effects/ENGINE-NAV-EFFECTS-CONTRACT-1.0.0/schemas/archive-manifest.schema.json
 create mode 100644 historical-working-tree/contracts/navigation-effects/ENGINE-NAV-EFFECTS-CONTRACT-1.0.0/schemas/capabilities.schema.json
 create mode 100644 historical-working-tree/contracts/navigation-effects/ENGINE-NAV-EFFECTS-CONTRACT-1.0.0/schemas/checkpoint.schema.json
 create mode 100644 historical-working-tree/contracts/navigation-effects/ENGINE-NAV-EFFECTS-CONTRACT-1.0.0/schemas/contract-fixture.schema.json
 create mode 100644 historical-working-tree/contracts/navigation-effects/ENGINE-NAV-EFFECTS-CONTRACT-1.0.0/schemas/effect-plan.schema.json
 create mode 100644 historical-working-tree/contracts/navigation-effects/ENGINE-NAV-EFFECTS-CONTRACT-1.0.0/schemas/journal-entry.schema.json
 create mode 100644 historical-working-tree/contracts/navigation-effects/ENGINE-NAV-EFFECTS-CONTRACT-1.0.0/schemas/moc-ownership.schema.json
 create mode 100644 historical-working-tree/contracts/navigation-effects/ENGINE-NAV-EFFECTS-CONTRACT-1.0.0/schemas/receipt.schema.json
 create mode 100644 historical-working-tree/contracts/navigation-effects/ENGINE-NAV-EFFECTS-CONTRACT-1.0.0/schemas/recovery-result.schema.json
 create mode 100644 historical-working-tree/docs/NAVIGATION-EFFECTS-CONTRACT.md
 create mode 100644 historical-working-tree/docs/adr/0001-additive-navigation-effects-plane.md
 create mode 100644 historical-working-tree/docs/moc-build-review-2026-09-05/ENGINE-RUST-MOC-BUILD-PLAN.md
 create mode 100644 historical-working-tree/docs/moc-build-review-2026-09-05/ENGINE-TS-MOC-BUILD-PLAN.md
 create mode 100644 historical-working-tree/docs/moc-build-review-2026-09-05/REVIEW.md
 create mode 100644 historical-working-tree/engine-docs.patch
 create mode 100644 historical-working-tree/future-build-phase6/PHASE6_ENTRY_AUDIT_2026-08-25.md
 create mode 100644 historical-working-tree/future-build-phase6/PHASE6_MINIMUM_WORK_PACKAGE_PLAN_2026-08-25.md
 create mode 100644 historical-working-tree/future-build-phase6/proposals/core/GKOS_PHASE6_D0_CORE_SPEC_PROPOSAL_2026-08-25.md
 create mode 100644 historical-working-tree/future-build-phase6/proposals/core/P6_F1_ALLOWED_PATHS_PROPOSAL.txt
 create mode 100644 historical-working-tree/future-build-phase6/proposals/core/P6_F1_PROTECTED_PATHS_PROPOSAL.txt
 create mode 100644 historical-working-tree/future-build-phase6/proposals/core/PHASE6_D0_CLOSED_ERROR_REGISTRY_1.0.0-draft.1.json
 create mode 100644 historical-working-tree/future-build-phase6/proposals/core/PHASE6_D0_CORE_DECISION_RECORD_PROPOSAL_2026-08-25.json
 create mode 100644 historical-working-tree/future-build-phase6/proposals/core/PHASE6_D0_CORE_OPERATION_INVENTORY_PROPOSAL_2026-08-25.json
 create mode 100644 historical-working-tree/future-build-phase6/proposals/core/PROPOSAL_VALIDATION_2026-08-25.md
 create mode 100644 historical-working-tree/future-build-phase6/proposals/governance/PHASE6_SOL_ASSIGNMENT_AND_ACCEPTANCE_MATRIX.md
 create mode 100644 historical-working-tree/future-build-phase6/proposals/kosmos-oden/MCP_2025_11_25_CONFORMANCE_VECTORS.proposal.json
 create mode 100644 historical-working-tree/future-build-phase6/proposals/kosmos-oden/MCP_INITIAL_TOOL_CATALOG.proposal.json
 create mode 100644 historical-working-tree/future-build-phase6/proposals/kosmos-oden/MCP_TOOL_REGISTRY.schema.json
 create mode 100644 historical-working-tree/future-build-phase6/proposals/kosmos-oden/PHASE6_D0_INTERFACE_PROPOSAL.md
 create mode 100644 historical-working-tree/future-build-phase6/proposals/kosmos-oden/PROPOSAL_VALIDATION_2026-08-25.md
 create mode 100644 historical-working-tree/future-build-phase6/proposals/kosmos-oden/SOURCE_PROVENANCE_MATRIX.md
 create mode 100644 historical-working-tree/future-build-phase6/reviews/d0-15/PHASE6_D0_15_ATTACHMENT_IMPACT_ASSESSMENT_2026-08-26.json
 create mode 100644 historical-working-tree/future-build-phase6/reviews/d0-15/PHASE6_D0_15_C1_MIGRATION_CONCURRENCE_2026-08-26.json
 create mode 100644 historical-working-tree/future-build-phase6/reviews/d0-15/PHASE6_D0_15_C1_SECURITY_CONCURRENCE_2026-08-26.json
 create mode 100644 historical-working-tree/future-build-phase6/reviews/d0-15/PHASE6_D0_15_C1_V2_MIGRATION_CONCURRENCE_2026-08-26.json
 create mode 100644 historical-working-tree/future-build-phase6/reviews/d0-15/PHASE6_D0_15_C1_V2_SECURITY_CONCURRENCE_2026-08-26.json
 create mode 100644 historical-working-tree/future-build-phase6/reviews/d0-15/PHASE6_D0_15_C1_V3_MIGRATION_CONCURRENCE_2026-08-26.json
 create mode 100644 historical-working-tree/future-build-phase6/reviews/d0-15/PHASE6_D0_15_C1_V3_SECURITY_CONCURRENCE_2026-08-26.json
 create mode 100644 historical-working-tree/future-build-phase6/reviews/d0-15/PHASE6_D0_15_C1_V4_MIGRATION_CONCURRENCE_2026-08-26.json
 create mode 100644 historical-working-tree/future-build-phase6/reviews/d0-15/PHASE6_D0_15_C1_V4_SECURITY_CONCURRENCE_2026-08-26.json
 create mode 100644 historical-working-tree/future-build-phase6/reviews/d0-15/PHASE6_D0_15_C1_V5_MIGRATION_CONCURRENCE_2026-08-26.json
 create mode 100644 historical-working-tree/future-build-phase6/reviews/d0-15/PHASE6_D0_15_C1_V5_SECURITY_CONCURRENCE_2026-08-26.json
 create mode 100644 historical-working-tree/future-build-phase6/reviews/d0-15/PHASE6_D0_15_C2_AUTHORITY_CONCURRENCY_AUTHORIZATION_V12_2026-08-26.json
 create mode 100644 historical-working-tree/future-build-phase6/reviews/d0-15/PHASE6_D0_15_C2_AUTHORITY_CONCURRENCY_CONCURRENCE_2026-08-26.json
 create mode 100644 historical-working-tree/future-build-phase6/reviews/d0-15/PHASE6_D0_15_C3_FULL_CONTRACT_CONCURRENCE_2026-08-26.json
 create mode 100644 historical-working-tree/future-build-phase6/reviews/d0-15/PHASE6_D0_15_C3_FULL_LITE_AUTHORIZATION_V13_2026-08-26.json
 create mode 100644 historical-working-tree/future-build-phase6/reviews/d0-15/PHASE6_D0_15_C3_LITE_CONFORMANCE_CONCURRENCE_2026-08-26.json
 create mode 100644 historical-working-tree/future-build-phase6/reviews/d0-15/PHASE6_D0_15_CLOSED_NON_MCP_FIXTURE_REGISTRY_2026-08-26.json
 create mode 100644 historical-working-tree/future-build-phase6/reviews/d0-15/PHASE6_D0_15_CLOSED_NON_MCP_FIXTURE_REGISTRY_V2_2026-08-26.json
 create mode 100644 historical-working-tree/future-build-phase6/reviews/d0-15/PHASE6_D0_15_CLOSED_NON_MCP_FIXTURE_REGISTRY_V3_2026-08-26.json
 create mode 100644 historical-working-tree/future-build-phase6/reviews/d0-15/PHASE6_D0_15_CLOSED_NON_MCP_FIXTURE_REGISTRY_V4_2026-08-26.json
 create mode 100644 historical-working-tree/future-build-phase6/reviews/d0-15/PHASE6_D0_15_CLOSED_NON_MCP_FIXTURE_REGISTRY_V5_2026-08-26.json
 create mode 100644 historical-working-tree/future-build-phase6/reviews/d0-15/PHASE6_D0_15_CONSOLIDATED_OWNER_DECISION_PROPOSAL_2026-08-26.json
 create mode 100644 historical-working-tree/future-build-phase6/reviews/d0-15/PHASE6_D0_15_CORRECTED_DECISION_AND_CORRECTION_MAP_2026-08-26.json
 create mode 100644 historical-working-tree/future-build-phase6/reviews/d0-15/PHASE6_D0_15_CORRECTED_DECISION_AND_CORRECTION_MAP_V2_2026-08-26.json
 create mode 100644 historical-working-tree/future-build-phase6/reviews/d0-15/PHASE6_D0_15_CORRECTED_DECISION_AND_CORRECTION_MAP_V3_2026-08-26.json
 create mode 100644 historical-working-tree/future-build-phase6/reviews/d0-15/PHASE6_D0_15_CORRECTED_DECISION_AND_CORRECTION_MAP_V4_2026-08-26.json
 create mode 100644 historical-working-tree/future-build-phase6/reviews/d0-15/PHASE6_D0_15_CORRECTED_DECISION_AND_CORRECTION_MAP_V5_2026-08-26.json
 create mode 100644 historical-working-tree/future-build-phase6/reviews/d0-15/PHASE6_D0_15_EXACT_BYTE_OWNER_RATIFICATION_V5_2026-08-26.json
 create mode 100644 historical-working-tree/future-build-phase6/reviews/d0-15/PHASE6_D0_15_EXACT_BYTE_OWNER_RATIFICATION_V7_2026-08-26.json
 create mode 100644 historical-working-tree/future-build-phase6/reviews/d0-15/PHASE6_D0_15_EXACT_COORDINATE_RECEIPT_V11_2026-08-26.json
 create mode 100644 historical-working-tree/future-build-phase6/reviews/d0-15/PHASE6_D0_15_EXACT_COORDINATE_RECEIPT_V9_2026-08-26.json
 create mode 100644 historical-working-tree/future-build-phase6/reviews/d0-15/PHASE6_D0_15_FULL_CONTRACT_CONCURRENCE_2026-08-26.json
 create mode 100644 historical-working-tree/future-build-phase6/reviews/d0-15/PHASE6_D0_15_FULL_CONTRACT_STEWARD_REVIEW_2026-08-26.json
 create mode 100644 historical-working-tree/future-build-phase6/reviews/d0-15/PHASE6_D0_15_LITE_CONFORMANCE_CONCURRENCE_2026-08-26.json
 create mode 100644 historical-working-tree/future-build-phase6/reviews/d0-15/PHASE6_D0_15_MIGRATION_REVIEW_2026-08-26.json
 create mode 100644 historical-working-tree/future-build-phase6/reviews/d0-15/PHASE6_D0_15_OWNER_DECISION_BASIS_V3_2026-08-26.json
 create mode 100644 historical-working-tree/future-build-phase6/reviews/d0-15/PHASE6_D0_15_OWNER_PROJECTION_RESOLUTION_V4_2026-08-26.json
 create mode 100644 historical-working-tree/future-build-phase6/reviews/d0-15/PHASE6_D0_15_OWNER_RESOLUTION_2026-08-26.json
 create mode 100644 historical-working-tree/future-build-phase6/reviews/d0-15/PHASE6_D0_15_OWNER_RESOLUTION_V2_2026-08-26.json
 create mode 100644 historical-working-tree/future-build-phase6/reviews/d0-15/PHASE6_D0_15_OWNER_RESOLUTION_V6_2026-08-26.json
 create mode 100644 historical-working-tree/future-build-phase6/reviews/d0-15/PHASE6_D0_15_OWNER_RESOLUTION_V8_2026-08-26.json
 create mode 100644 historical-working-tree/future-build-phase6/reviews/d0-15/PHASE6_D0_15_SECURITY_REVIEW_2026-08-26.json
 create mode 100644 historical-working-tree/future-build-phase6/reviews/d0-15/PHASE6_D0_15_STANDING_SOURCE_PRESERVING_DISPOSITION_V10_2026-08-26.json
 create mode 100644 historical-working-tree/future-build-phase6/reviews/d0-15/PHASE6_D0_15_SUCCESSOR_F1_PRODUCT_CORRECTION_AUTHORIZATION_V14_2026-08-26.json
 create mode 100644 historical-working-tree/future-build-phase6/reviews/d0-15/PHASE6_D0_15_SUCCESSOR_F1_Q21_Q23_IMPLEMENTATION_RESOLUTION_V15_2026-08-26.json
 create mode 100644 historical-working-tree/future-build-phase6/reviews/f1/PHASE6_F1_ACCEPTANCE_GATE_2026-08-26.json
 create mode 100644 historical-working-tree/future-build-phase6/reviews/f1/PHASE6_F1_FULL_INDEPENDENT_REVIEW_2026-08-25.json
 create mode 100644 historical-working-tree/future-build-phase6/reviews/f1/PHASE6_F1_FULL_INDEPENDENT_REVIEW_V2_2026-08-26.json
 create mode 100644 historical-working-tree/future-build-phase6/reviews/f1/PHASE6_F1_FULL_INDEPENDENT_REVIEW_V3_2026-08-26.json
 create mode 100644 historical-working-tree/future-build-phase6/reviews/f2/PHASE6_F2_OWNER_AUTHORIZATION_2026-08-26.json
 create mode 100644 historical-working-tree/future-build-phase6/reviews/final/PHASE6_D0_CROSS_REGISTER_ACCEPTANCE_V7_2026-08-25.md
 create mode 100644 historical-working-tree/future-build-phase6/reviews/final/PHASE6_D0_OWNER_RATIFICATION_2026-08-25.json
 create mode 100644 historical-working-tree/future-build-phase6/reviews/implementer/PHASE6_F1_FULL_IMPLEMENTER_HANDOFF_2026-08-25.json
 create mode 100644 historical-working-tree/future-build-phase6/reviews/implementer/PHASE6_F1_FULL_IMPLEMENTER_HANDOFF_V2_2026-08-25.json
 create mode 100644 historical-working-tree/future-build-phase6/reviews/implementer/PHASE6_F1_FULL_IMPLEMENTER_HANDOFF_V3_2026-08-26.json
 create mode 100644 historical-working-tree/future-build-phase6/reviews/implementer/PHASE6_F2_FULL_D0_15_STOP_2026-08-26.json
 create mode 100644 historical-working-tree/future-build-phase6/reviews/implementer/PHASE6_F2_FULL_WORK_PACKAGE_HEADER_2026-08-26.json
 create mode 100644 historical-working-tree/future-build-readme-reconciliation/APPLICABILITY_AND_EVIDENCE.md
 create mode 100644 historical-working-tree/future-build-readme-reconciliation/GKOS-Engine-Lite-README-reconciliation-v2-phase10.patch
 create mode 100644 historical-working-tree/future-build-readme-reconciliation/GKOS-Engine-README-reconciliation-v2-phase10.patch
 create mode 100644 historical-working-tree/kosmos-docs.patch
 create mode 100644 historical-working-tree/orchestration/2026-08-31-PUBLICATION-RECEIPT.json
 create mode 100644 historical-working-tree/orchestration/2026-08-31-Q-GUARD-APPROVAL.md
 create mode 100644 historical-working-tree/orchestration/2026-08-31-Q-SCOPE-APPROVAL.md
 create mode 100644 historical-working-tree/orchestration/2026-08-31/.gitignore
 create mode 100644 historical-working-tree/orchestration/2026-08-31/BUNDLE-MANIFEST.json
 create mode 100644 historical-working-tree/orchestration/2026-08-31/GKOS-ECOSYSTEM-TS-FIRST-RUST-ROADMAP.md
 create mode 100644 historical-working-tree/orchestration/2026-08-31/reports/AUDIT-ENGINE-LITE-BENCHMARK.md
 create mode 100644 historical-working-tree/orchestration/2026-08-31/reports/AUDIT-KOSMOS-MARSHAL-LEDGER.json
 create mode 100644 historical-working-tree/orchestration/2026-08-31/reports/AUDIT-KOSMOS-MARSHAL.md
 create mode 100644 historical-working-tree/orchestration/2026-08-31/reports/AUDIT-OBSERVATORY-FABLE.md
 create mode 100644 historical-working-tree/orchestration/2026-08-31/reports/AUDIT-STANDARD-HINDSIGHT.ledger.json
 create mode 100644 historical-working-tree/orchestration/2026-08-31/reports/AUDIT-STANDARD-HINDSIGHT.md
 create mode 100644 historical-working-tree/orchestration/2026-08-31/reports/ORCHESTRATOR-VERIFICATION.md
 create mode 100644 historical-working-tree/orchestration/2026-08-31/reports/RUST-MIGRATION-PARITY-MATRIX.md
 create mode 100644 historical-working-tree/orchestration/2026-08-31/reports/engine-lite-source-test-ledger.json
 create mode 100644 historical-working-tree/orchestration/2026-08-31/reports/evidence/REPRODUCTION.md
 create mode 100644 historical-working-tree/orchestration/2026-08-31/reports/evidence/engine-reference-probes.mjs
 create mode 100644 historical-working-tree/orchestration/2026-08-31/reports/evidence/hindsight-full-static-tests.txt
 create mode 100644 historical-working-tree/orchestration/2026-08-31/reports/evidence/hindsight-source-ledger.json
 create mode 100644 historical-working-tree/orchestration/2026-08-31/reports/evidence/hindsight-targeted-tests.txt
 create mode 100644 historical-working-tree/orchestration/2026-08-31/reports/evidence/hindsight-tree-verification.json
 create mode 100644 historical-working-tree/orchestration/2026-08-31/reports/evidence/standard-boundary-probes-USAGE.md
 create mode 100644 historical-working-tree/orchestration/2026-08-31/reports/evidence/standard-boundary-probes-portable.txt
 create mode 100644 historical-working-tree/orchestration/2026-08-31/reports/evidence/standard-boundary-probes.mjs
 create mode 100644 historical-working-tree/orchestration/2026-08-31/reports/evidence/standard-boundary-probes.txt
 create mode 100644 historical-working-tree/orchestration/2026-08-31/reports/evidence/standard-main-release-check.txt
 create mode 100644 historical-working-tree/orchestration/2026-08-31/reports/evidence/standard-main-replay.txt
 create mode 100644 historical-working-tree/orchestration/2026-08-31/reports/evidence/standard-main-srtp.txt
 create mode 100644 historical-working-tree/orchestration/2026-08-31/reports/evidence/standard-main-starter.txt
 create mode 100644 historical-working-tree/orchestration/2026-08-31/reports/evidence/standard-main-strict.txt
 create mode 100644 historical-working-tree/orchestration/2026-08-31/reports/evidence/standard-main-tests.txt
 create mode 100644 historical-working-tree/orchestration/2026-08-31/reports/evidence/standard-r18-tests.txt
 create mode 100644 historical-working-tree/orchestration/2026-08-31/scripts/verify-roadmap.mjs
 create mode 100644 historical-working-tree/orchestration/2026-08-31/sources/FABLE-OBSERVATORY-CLIENT-EVIDENCE-SUPPLEMENT-R3-2026-08-31.md
 create mode 100644 historical-working-tree/orchestration/2026-08-31/sources/GKOS-RUST-UPLIFT-R4-2026-08-27.md
 create mode 100644 historical-working-tree/orchestration/GKOS-ECOSYSTEM-TS-FIRST-RUST-ROADMAP.md
 create mode 100644 historical-working-tree/orchestration/integration/INTEGRATION-REVIEW.md
 create mode 100644 historical-working-tree/orchestration/integration/receipts/CONSUMER-INTEGRATION.md
 create mode 100644 historical-working-tree/orchestration/integration/receipts/CONSUMER-LIVE-GAP-PACKET.md
 create mode 100644 historical-working-tree/orchestration/integration/receipts/CT210-NODE-LINUX-EFFECTS-HOST-ASSESSMENT.md
 create mode 100644 historical-working-tree/orchestration/integration/receipts/ENGINE-INTEGRATION.md
 create mode 100644 historical-working-tree/orchestration/integration/receipts/HOSTED-CI-QUALIFICATION.md
 create mode 100644 historical-working-tree/orchestration/integration/receipts/KNOWN-INVARIANTS-CATALOG.md
 create mode 100644 historical-working-tree/orchestration/integration/receipts/LITE-INTEGRATION.md
 create mode 100644 historical-working-tree/orchestration/integration/receipts/NODE-LINUX-EFFECTS-DECISION-PACKET.md
 create mode 100644 historical-working-tree/orchestration/integration/receipts/Q-INTENT-EIGHTH-INVARIANT-INDEPENDENT-REVIEW.md
 create mode 100644 historical-working-tree/orchestration/integration/receipts/Q-INTENT-R19-ADOPTION.md
 create mode 100644 historical-working-tree/orchestration/integration/receipts/Q-INTENT-R19-HOSTED-CI.md
 create mode 100644 historical-working-tree/orchestration/integration/receipts/Q-INTENT-RESOLUTION.md
 create mode 100644 historical-working-tree/orchestration/integration/receipts/STANDARD-R18-INTEGRATION.md
 create mode 100644 historical-working-tree/orchestration/integration/receipts/build-known-invariant-source-index.py
 create mode 100644 historical-working-tree/orchestration/integration/receipts/consumer-identity-integration.json
 create mode 100644 historical-working-tree/orchestration/integration/receipts/ct210-node-linux-effects-host-assessment.json
 create mode 100644 historical-working-tree/orchestration/integration/receipts/current-markdown-scan.json
 create mode 100644 historical-working-tree/orchestration/integration/receipts/engine-final-local-20260831T233500Z/current/current-runtime.json
 create mode 100644 historical-working-tree/orchestration/integration/receipts/engine-final-local-20260831T233500Z/historical/historical-contract-replay.json
 create mode 100644 historical-working-tree/orchestration/integration/receipts/engine-integration-receipt.json
 create mode 100644 historical-working-tree/orchestration/integration/receipts/final-integration-receipt.json
 create mode 100644 historical-working-tree/orchestration/integration/receipts/hosted-ci-qualification.json
 create mode 100644 historical-working-tree/orchestration/integration/receipts/integration-branch-verification.json
 create mode 100644 historical-working-tree/orchestration/integration/receipts/known-invariant-catalog-validation.json
 create mode 100644 historical-working-tree/orchestration/integration/receipts/known-invariant-source-index.json
 create mode 100644 historical-working-tree/orchestration/integration/receipts/kosmos-browser.txt
 create mode 100644 historical-working-tree/orchestration/integration/receipts/kosmos-verify.txt
 create mode 100644 historical-working-tree/orchestration/integration/receipts/linux-node-lane-availability.json
 create mode 100644 historical-working-tree/orchestration/integration/receipts/lite-integration-receipt.json
 create mode 100644 historical-working-tree/orchestration/integration/receipts/observatory-browser.txt
 create mode 100644 historical-working-tree/orchestration/integration/receipts/observatory-build.txt
 create mode 100644 historical-working-tree/orchestration/integration/receipts/observatory-tests.txt
 create mode 100644 historical-working-tree/orchestration/integration/receipts/q-intent-r19-adoption-receipt.json
 create mode 100644 historical-working-tree/orchestration/integration/receipts/q-intent-r19-hosted-ci.json
 create mode 100644 historical-working-tree/orchestration/integration/receipts/q-intent-r19-starter-claim.json
 create mode 100644 historical-working-tree/orchestration/integration/receipts/q-intent-r19-strict-lint.json
 create mode 100644 historical-working-tree/orchestration/integration/receipts/rejected-seal/engine/aborted-20260831T225722Z-engine-inventory-check.json
 create mode 100644 historical-working-tree/orchestration/integration/receipts/rejected-seal/engine/aborted-20260831T225722Z-process-and-files.json
 create mode 100644 historical-working-tree/orchestration/integration/receipts/rejected-seal/engine/engine-inventory-check.json
 create mode 100644 historical-working-tree/orchestration/integration/receipts/rejected-seal/engine/failed-final-preflight-20260831T225800Z/rejection-receipt.json
 create mode 100644 historical-working-tree/orchestration/integration/receipts/rejected-seal/engine/rejected-seal-receipt.json
 create mode 100644 historical-working-tree/orchestration/integration/receipts/rejected-seal/engine/superseded-preflight-20260831T230100Z/rejection-receipt.json
 create mode 100644 historical-working-tree/orchestration/integration/receipts/rejected-seal/lite/rejected-seal.json
 create mode 100644 historical-working-tree/orchestration/integration/receipts/rejected-seal/provisional-20260831.json
 create mode 100644 historical-working-tree/orchestration/integration/receipts/rejected-seal/standard-r18/SHA256SUMS.txt
 create mode 100644 historical-working-tree/orchestration/integration/receipts/rejected-seal/standard-r18/provisional-commit-show.txt
 create mode 100644 historical-working-tree/orchestration/integration/receipts/rejected-seal/standard-r18/provisional-commit.txt
 create mode 100644 historical-working-tree/orchestration/integration/receipts/rejected-seal/standard-r18/provisional-status.txt
 create mode 100644 historical-working-tree/orchestration/integration/receipts/rejected-seal/standard-r18/provisional-tree.txt
 create mode 100644 historical-working-tree/orchestration/integration/receipts/rejected-seal/standard-r18/standard-r18-starter-claim.json
 create mode 100644 historical-working-tree/orchestration/integration/receipts/rejected-seal/standard-r18/standard-r18-strict-lint.json
 create mode 100644 historical-working-tree/orchestration/integration/receipts/standard-r18-final-starter-claim.json
 create mode 100644 historical-working-tree/orchestration/integration/receipts/standard-r18-final-strict-lint.json
 create mode 100644 historical-working-tree/orchestration/integration/receipts/standard-r18-integration-receipt.json
 create mode 100644 historical-working-tree/orchestration/integration/receipts/standard-r18-starter-claim.json
 create mode 100644 historical-working-tree/orchestration/integration/receipts/standard-r18-strict-lint.json
 create mode 100644 historical-working-tree/orchestration/integration/receipts/validate-known-invariant-catalog.py
 create mode 100644 historical-working-tree/orchestration/integration/verify-integration.py
 create mode 100644 historical-working-tree/orchestration/review-c6c7cf8/MERGE-READINESS.md
 create mode 100644 historical-working-tree/orchestration/review-c6c7cf8/hosted-audit.md
 create mode 100644 historical-working-tree/orchestration/review-c6c7cf8/local-inventory-receipt.json
 create mode 100644 historical-working-tree/orchestration/review-c6c7cf8/pr40-final-body.md
 create mode 100644 historical-working-tree/orchestration/review-c6c7cf8/recovery-correction.patch
 create mode 100644 historical-working-tree/orchestration/upgrades/UPGRADE-ASSEMBLY.md
 create mode 100644 historical-working-tree/orchestration/upgrades/consumer-identity-patch.mjs
 create mode 100644 historical-working-tree/orchestration/upgrades/deliverables/MANIFEST.json
 create mode 100644 historical-working-tree/orchestration/upgrades/deliverables/engine.patch
 create mode 100644 historical-working-tree/orchestration/upgrades/deliverables/engine/files/.github/workflows/runtime-qualification.yml
 create mode 100644 historical-working-tree/orchestration/upgrades/deliverables/engine/files/contracts/runtime-qualification/v1/change-inventory.json
 create mode 100644 historical-working-tree/orchestration/upgrades/deliverables/engine/files/docs/CURRENT-RUNTIME-QUALIFICATION.md
 create mode 100644 historical-working-tree/orchestration/upgrades/deliverables/engine/files/package.json
 create mode 100644 historical-working-tree/orchestration/upgrades/deliverables/engine/files/scripts/run-current-tests.mjs
 create mode 100644 historical-working-tree/orchestration/upgrades/deliverables/engine/files/scripts/runtime-qualification.mjs
 create mode 100644 historical-working-tree/orchestration/upgrades/deliverables/engine/files/src/service/mcp.ts
 create mode 100644 historical-working-tree/orchestration/upgrades/deliverables/engine/files/src/service/server.ts
 create mode 100644 historical-working-tree/orchestration/upgrades/deliverables/engine/files/test/runtime-qualification.test.mjs
 create mode 100644 historical-working-tree/orchestration/upgrades/deliverables/engine/files/test/service-reference-freshness.test.mjs
 create mode 100644 historical-working-tree/orchestration/upgrades/deliverables/kosmos.patch
 create mode 100644 historical-working-tree/orchestration/upgrades/deliverables/kosmos/files/docs/RENDERER-PROTOCOL.md
 create mode 100644 historical-working-tree/orchestration/upgrades/deliverables/kosmos/files/src/renderer/renderer.ts
 create mode 100644 historical-working-tree/orchestration/upgrades/deliverables/kosmos/files/src/standalone/standalone.ts
 create mode 100644 historical-working-tree/orchestration/upgrades/deliverables/kosmos/files/test/browser/consumer-identity.spec.ts
 create mode 100644 historical-working-tree/orchestration/upgrades/deliverables/lite.patch
 create mode 100644 historical-working-tree/orchestration/upgrades/deliverables/lite/files/desktop/docs/QUICKSTART.md
 create mode 100644 historical-working-tree/orchestration/upgrades/deliverables/lite/files/desktop/docs/USER-GUIDE.md
 create mode 100644 historical-working-tree/orchestration/upgrades/deliverables/lite/files/desktop/src-tauri/src/lib.rs
 create mode 100644 historical-working-tree/orchestration/upgrades/deliverables/lite/files/desktop/src/main.ts
 create mode 100644 historical-working-tree/orchestration/upgrades/deliverables/lite/files/desktop/src/snippets.ts
 create mode 100644 historical-working-tree/orchestration/upgrades/deliverables/lite/files/desktop/src/strings.ts
 create mode 100644 historical-working-tree/orchestration/upgrades/deliverables/lite/files/desktop/test/packaged-rest-runtime.test.mjs
 create mode 100644 historical-working-tree/orchestration/upgrades/deliverables/lite/files/desktop/test/phase0-compatibility.test.mjs
 create mode 100644 historical-working-tree/orchestration/upgrades/deliverables/lite/files/desktop/test/settings.test.mjs
 create mode 100644 historical-working-tree/orchestration/upgrades/deliverables/lite/files/desktop/test/snippets.test.mjs
 create mode 100644 historical-working-tree/orchestration/upgrades/deliverables/observatory.patch
 create mode 100644 historical-working-tree/orchestration/upgrades/deliverables/observatory/files/docs/VIEWER.md
 create mode 100644 historical-working-tree/orchestration/upgrades/deliverables/observatory/files/scripts/build-web.mjs
 create mode 100644 historical-working-tree/orchestration/upgrades/deliverables/observatory/files/tests/consumer-identity-browser.mjs
 create mode 100644 historical-working-tree/orchestration/upgrades/deliverables/observatory/files/tests/viewer.test.mjs
 create mode 100644 historical-working-tree/orchestration/upgrades/deliverables/observatory/files/web/live-frame.mjs
 create mode 100644 historical-working-tree/orchestration/upgrades/deliverables/observatory/files/web/vendor/kosmos-oden/LOCAL-PATCH.md
 create mode 100644 historical-working-tree/orchestration/upgrades/deliverables/observatory/files/web/vendor/kosmos-oden/PROVENANCE.json
 create mode 100644 historical-working-tree/orchestration/upgrades/deliverables/observatory/files/web/vendor/kosmos-oden/renderer.mjs
 create mode 100644 historical-working-tree/orchestration/upgrades/deliverables/observatory/files/web/vendor/kosmos-oden/source/src/renderer/renderer.ts
 create mode 100644 historical-working-tree/orchestration/upgrades/deliverables/standard-r18.patch
 create mode 100644 historical-working-tree/orchestration/upgrades/deliverables/standard-r18/files/conformance/runner/authority-window.mjs
 create mode 100644 historical-working-tree/orchestration/upgrades/deliverables/standard-r18/files/conformance/runner/canonical-time.mjs
 create mode 100644 historical-working-tree/orchestration/upgrades/deliverables/standard-r18/files/conformance/runner/canonical.mjs
 create mode 100644 historical-working-tree/orchestration/upgrades/deliverables/standard-r18/files/conformance/runner/gate-evaluator.mjs
 create mode 100644 historical-working-tree/orchestration/upgrades/deliverables/standard-r18/files/conformance/runner/registry-lint.mjs
 create mode 100644 historical-working-tree/orchestration/upgrades/deliverables/standard-r18/files/conformance/runner/test/canonical-replay.test.mjs
 create mode 100644 historical-working-tree/orchestration/upgrades/deliverables/standard-r18/files/conformance/runner/test/fail-closed-inputs.test.mjs
 create mode 100644 historical-working-tree/orchestration/upgrades/deliverables/standard-r18/files/conformance/runner/test/track-a-evidence.test.mjs
 create mode 100644 historical-working-tree/orchestration/upgrades/deliverables/standard-r18/files/conformance/runner/track-a-evidence.mjs
 create mode 100644 historical-working-tree/orchestration/upgrades/rebuild-consumer-vendor.mjs
 create mode 100644 historical-working-tree/orchestration/upgrades/reports/CONSUMER-IDENTITY.md
 create mode 100644 historical-working-tree/orchestration/upgrades/reports/ENGINE-T01-doc-inventory.json
 create mode 100644 historical-working-tree/orchestration/upgrades/reports/ENGINE-T01-ledger.json
 create mode 100644 historical-working-tree/orchestration/upgrades/reports/ENGINE-T01.md
 create mode 100644 historical-working-tree/orchestration/upgrades/reports/LITE-QUICK-CONNECT.md
 create mode 100644 historical-working-tree/orchestration/upgrades/reports/Q-GUARD-REVIEW.md
 create mode 100644 historical-working-tree/orchestration/upgrades/reports/STANDARD-HARDENING.md
 create mode 100644 historical-working-tree/orchestration/upgrades/reports/consumer-kosmos-verify.txt
 create mode 100644 historical-working-tree/orchestration/upgrades/reports/consumer-ledger.mjs
 create mode 100644 historical-working-tree/orchestration/upgrades/reports/consumer-markdown-screen.json
 create mode 100644 historical-working-tree/orchestration/upgrades/reports/consumer-observatory-build.txt
 create mode 100644 historical-working-tree/orchestration/upgrades/reports/consumer-observatory-unit.txt
 create mode 100644 historical-working-tree/orchestration/upgrades/reports/consumer-reviewed-markdown-inventory.txt
 create mode 100644 historical-working-tree/orchestration/upgrades/reports/consumer-screen-0.txt
 create mode 100644 historical-working-tree/orchestration/upgrades/reports/consumer-screen-1.txt
 create mode 100644 historical-working-tree/orchestration/upgrades/reports/consumer-screen-2.txt
 create mode 100644 historical-working-tree/orchestration/upgrades/reports/consumer-screen-3.txt
 create mode 100644 historical-working-tree/orchestration/upgrades/reports/consumer-screen-4.txt
 create mode 100644 historical-working-tree/orchestration/upgrades/reports/consumer-source-ledger.json
 create mode 100644 historical-working-tree/orchestration/upgrades/reports/current-run-final-resealed-20260831/current-runtime.json
 create mode 100644 historical-working-tree/orchestration/upgrades/reports/current-run-final-resealed-elevated-20260831/current-runtime.json
 create mode 100644 historical-working-tree/orchestration/upgrades/reports/current-run-final-scoped/current-runtime.json
 create mode 100644 historical-working-tree/orchestration/upgrades/reports/current-run-final/current-runtime.json
 create mode 100644 historical-working-tree/orchestration/upgrades/reports/deliverable-verification.json
 create mode 100644 historical-working-tree/orchestration/upgrades/reports/engine-historical-object-recovery.json
 create mode 100644 historical-working-tree/orchestration/upgrades/reports/engine-historical-tests.tap
 create mode 100644 historical-working-tree/orchestration/upgrades/reports/engine-inventory-check.json
 create mode 100644 historical-working-tree/orchestration/upgrades/reports/engine-object-recovery.json
 create mode 100644 historical-working-tree/orchestration/upgrades/reports/evidence/engine-t01-final-command-exits.json
 create mode 100644 historical-working-tree/orchestration/upgrades/reports/evidence/engine-t01-lazy-command-exits.json
 create mode 100644 historical-working-tree/orchestration/upgrades/reports/evidence/engine-t01-perf-probe.mjs
 create mode 100644 historical-working-tree/orchestration/upgrades/reports/evidence/q-guard-review-fixture-IRSOo7/receipts/current-runtime.json
 create mode 100644 historical-working-tree/orchestration/upgrades/reports/evidence/q-guard-review-fixture-M8lV5G/receipts/current-runtime.json
 create mode 100644 historical-working-tree/orchestration/upgrades/reports/evidence/q-guard-review-probes-followup.json
 create mode 100644 historical-working-tree/orchestration/upgrades/reports/evidence/q-guard-review-probes.json
 create mode 100644 historical-working-tree/orchestration/upgrades/reports/evidence/q-guard-review-probes.mjs
 create mode 100644 historical-working-tree/orchestration/upgrades/reports/evidence/standard-candidate-files.json
 create mode 100644 historical-working-tree/orchestration/upgrades/reports/evidence/standard-environment.json
 create mode 100644 historical-working-tree/orchestration/upgrades/reports/evidence/standard-green-final.txt
 create mode 100644 historical-working-tree/orchestration/upgrades/reports/evidence/standard-green.txt
 create mode 100644 historical-working-tree/orchestration/upgrades/reports/evidence/standard-markdown-inventory.json
 create mode 100644 historical-working-tree/orchestration/upgrades/reports/evidence/standard-markdown-screen.json
 create mode 100644 historical-working-tree/orchestration/upgrades/reports/evidence/standard-red-final-suite.txt
 create mode 100644 historical-working-tree/orchestration/upgrades/reports/evidence/standard-red.txt
 create mode 100644 historical-working-tree/orchestration/upgrades/reports/evidence/standard-replay.txt
 create mode 100644 historical-working-tree/orchestration/upgrades/reports/evidence/standard-replay/context-manifest.cbor
 create mode 100644 historical-working-tree/orchestration/upgrades/reports/evidence/standard-replay/context-manifest.rendering.json
 create mode 100644 historical-working-tree/orchestration/upgrades/reports/evidence/standard-replay/result.json
 create mode 100644 historical-working-tree/orchestration/upgrades/reports/evidence/standard-replay/selection-envelope.cbor
 create mode 100644 historical-working-tree/orchestration/upgrades/reports/evidence/standard-srtp.json
 create mode 100644 historical-working-tree/orchestration/upgrades/reports/evidence/standard-srtp.txt
 create mode 100644 historical-working-tree/orchestration/upgrades/reports/evidence/standard-starter-claim.json
 create mode 100644 historical-working-tree/orchestration/upgrades/reports/evidence/standard-starter-run.txt
 create mode 100644 historical-working-tree/orchestration/upgrades/reports/evidence/standard-strict-lint.json
 create mode 100644 historical-working-tree/orchestration/upgrades/reports/evidence/standard-strict-lint.txt
 create mode 100644 historical-working-tree/orchestration/upgrades/reports/historical-run-final/historical-contract-replay.json
 create mode 100644 historical-working-tree/orchestration/upgrades/reports/historical-run/historical-contract-replay.json
 create mode 100644 historical-working-tree/orchestration/upgrades/reports/lite-ce80955-desktop.patch
 create mode 100644 historical-working-tree/orchestration/upgrades/reports/lite-desktop-build.txt
 create mode 100644 historical-working-tree/orchestration/upgrades/reports/lite-desktop-tests.txt
 create mode 100644 historical-working-tree/orchestration/upgrades/reports/lite-desktop-typecheck.txt
 create mode 100644 historical-working-tree/orchestration/upgrades/reports/lite-native-tests.txt
 create mode 100644 historical-working-tree/orchestration/upgrades/reports/lite-package-paths.json
 create mode 100644 historical-working-tree/orchestration/upgrades/reports/lite-runtime-red.txt
 create mode 100644 historical-working-tree/orchestration/upgrades/reports/markdown-intake.json
 create mode 100644 historical-working-tree/orchestration/upgrades/reports/original-markdown-preservation.json
 create mode 100644 historical-working-tree/orchestration/upgrades/reports/root-standard-lint.json
 create mode 100644 historical-working-tree/orchestration/upgrades/reports/screen-consumer-docs.mjs
 create mode 100644 historical-working-tree/orchestration/upgrades/scripts/intake.py
 create mode 100644 historical-working-tree/orchestration/upgrades/scripts/package-upgrades.py
 create mode 100644 historical-working-tree/orchestration/upgrades/scripts/prepare-engine-inventory.py
 create mode 100644 historical-working-tree/orchestration/upgrades/scripts/verify-deliverables.py
 create mode 100644 historical-working-tree/orchestration/upgrades/scripts/verify-original-markdown.py
 create mode 100644 historical-working-tree/package.json
 create mode 100644 historical-working-tree/phase5-stat-diagnostic.mjs
 create mode 100644 historical-working-tree/phase5-wip-handoff-for-review.md
 create mode 100644 historical-working-tree/scripts/build.mjs
 create mode 100644 historical-working-tree/scripts/qualify-navigation-effects-linux.sh
 create mode 100644 historical-working-tree/src/index.ts
 create mode 100644 historical-working-tree/src/navigation-effects/capabilities.ts
 create mode 100644 historical-working-tree/src/navigation-effects/in-memory-adapter.ts
 create mode 100644 historical-working-tree/src/navigation-effects/index.ts
 create mode 100644 historical-working-tree/src/navigation-effects/markers.ts
 create mode 100644 historical-working-tree/src/navigation-effects/node/executor.ts
 create mode 100644 historical-working-tree/src/navigation-effects/node/index.ts
 create mode 100644 historical-working-tree/src/navigation-effects/node/journal.ts
 create mode 100644 historical-working-tree/src/navigation-effects/path-policy.ts
 create mode 100644 historical-working-tree/src/navigation-effects/planner.ts
 create mode 100644 historical-working-tree/src/navigation-effects/types.ts
 create mode 100644 historical-working-tree/test/fixtures/navigation-effects-crash-child.mjs
 create mode 100644 historical-working-tree/test/navigation-architecture.test.mjs
 create mode 100644 historical-working-tree/test/navigation-effects-contract.test.mjs
 create mode 100644 historical-working-tree/test/navigation-effects-node.test.mjs
 create mode 100644 historical-working-tree/test/navigation-effects-performance.test.mjs
 create mode 100644 historical-working-tree/test/navigation-effects-planner.test.mjs
 create mode 100644 historical-working-tree/test/public-api.test.mjs
 create mode 100644 local-branches.txt
 create mode 100644 manifest.json
 create mode 100644 qualification-evidence/CONTINUE-RELEASE.md
 create mode 100644 qualification-evidence/DURABILITY-20260908.md
 create mode 100644 qualification-evidence/DURABILITY-EA05531.md
 create mode 100644 qualification-evidence/KOSMOS-THREE-WAY-REVIEW.md
 create mode 100644 qualification-evidence/PERFORMANCE-20260908.md
 create mode 100644 qualification-evidence/RELEASE-REPORT-before-20260908T2226Z.md
 create mode 100644 qualification-evidence/RELEASE-REPORT.md
 create mode 100644 qualification-evidence/SOAK-PILOT-LATENCY-SCOPE.md
 create mode 100644 qualification-evidence/SOAK-SAMPLE-COUNT-CORRECTION.md
 create mode 100644 qualification-evidence/SOAK-VECTOR-FIXTURE-V2.md
 create mode 100644 qualification-evidence/archive-local-project.mjs
 create mode 100644 qualification-evidence/artifact-2345606/consumer-linux.json
 create mode 100644 qualification-evidence/artifact-2345606/consumer-windows-install.log
 create mode 100644 qualification-evidence/artifact-2345606/consumer-windows.json
 create mode 100644 qualification-evidence/artifact-2345606/content-inventory.json
 create mode 100644 qualification-evidence/artifact-2345606/gkos-cli-help-linux.log
 create mode 100644 qualification-evidence/artifact-2345606/gkos-cli-help-windows.log
 create mode 100644 qualification-evidence/artifact-2345606/inspection.json
 create mode 100644 qualification-evidence/artifact-2345606/pack.json
 create mode 100644 qualification-evidence/artifact-2345606/sbom.cdx.json
 create mode 100644 qualification-evidence/artifact-6e4e937/consumer-install-windows.log
 create mode 100644 qualification-evidence/artifact-6e4e937/consumer-linux.json
 create mode 100644 qualification-evidence/artifact-6e4e937/consumer-windows.json
 create mode 100644 qualification-evidence/artifact-6e4e937/content-inventory.json
 create mode 100644 qualification-evidence/artifact-6e4e937/inspection.json
 create mode 100644 qualification-evidence/artifact-6e4e937/pack.json
 create mode 100644 qualification-evidence/artifact-6e4e937/sbom.cdx.json
 create mode 100644 qualification-evidence/artifact-aa2e10d/artifact.json
 create mode 100644 qualification-evidence/artifact-aa2e10d/consumer-linux.json
 create mode 100644 qualification-evidence/artifact-aa2e10d/consumer-windows.json
 create mode 100644 qualification-evidence/artifact-aa2e10d/content-inventory.json
 create mode 100644 qualification-evidence/artifact-aa2e10d/inspection-invalid-source-binding.json
 create mode 100644 qualification-evidence/artifact-aa2e10d/inspection.json
 create mode 100644 qualification-evidence/artifact-aa2e10d/installed-content-linux.json
 create mode 100644 qualification-evidence/artifact-aa2e10d/installed-content-windows.json
 create mode 100644 qualification-evidence/artifact-aa2e10d/linux-harness-initial-failure.json
 create mode 100644 qualification-evidence/artifact-aa2e10d/linux-no-change-gaps.tap
 create mode 100644 qualification-evidence/artifact-aa2e10d/pack.json
 create mode 100644 qualification-evidence/artifact-aa2e10d/qualify-linux.sh
 create mode 100644 qualification-evidence/artifact-aa2e10d/sbom.cdx.json
 create mode 100644 qualification-evidence/artifact-aa2e10d/windows-consumer-init.log
 create mode 100644 qualification-evidence/artifact-aa2e10d/windows-consumer-install.log
 create mode 100644 qualification-evidence/artifact-aa2e10d/windows-consumer-smoke.log
 create mode 100644 qualification-evidence/artifact-aa2e10d/windows-no-change-gaps.tap
 create mode 100644 qualification-evidence/artifact-ea05531/artifact.json
 create mode 100644 qualification-evidence/artifact-ea05531/consumer-linux.json
 create mode 100644 qualification-evidence/artifact-ea05531/consumer-windows.json
 create mode 100644 qualification-evidence/artifact-ea05531/consumer-windows22.json
 create mode 100644 qualification-evidence/artifact-ea05531/content-inventory.json
 create mode 100644 qualification-evidence/artifact-ea05531/inspection.json
 create mode 100644 qualification-evidence/artifact-ea05531/installed-content-linux.json
 create mode 100644 qualification-evidence/artifact-ea05531/installed-content-windows.json
 create mode 100644 qualification-evidence/artifact-ea05531/installed-content-windows22.json
 create mode 100644 qualification-evidence/artifact-ea05531/linux-no-change-gaps.tap
 create mode 100644 qualification-evidence/artifact-ea05531/pack.json
 create mode 100644 qualification-evidence/artifact-ea05531/sbom.cdx.json
 create mode 100644 qualification-evidence/artifact-ea05531/windows-consumer-smoke.log
 create mode 100644 qualification-evidence/artifact-ea05531/windows-install.log
 create mode 100644 qualification-evidence/artifact-ea05531/windows-no-change-gaps.tap
 create mode 100644 qualification-evidence/audit.json
 create mode 100644 qualification-evidence/bind-native-read-evidence.mjs
 create mode 100644 qualification-evidence/candidate-pack.json
 create mode 100644 qualification-evidence/ci-23301a7-fail.log
 create mode 100644 qualification-evidence/consumer-linux-458a23f.json
 create mode 100644 qualification-evidence/consumer-source-ci.log
 create mode 100644 qualification-evidence/consumer-windows-458a23f.json
 create mode 100644 qualification-evidence/consumer-windows-harness-graph-failure.json
 create mode 100644 qualification-evidence/consumer-windows22-gkos-help.log
 create mode 100644 qualification-evidence/consumer-windows22-gkos-reset-help.log
 create mode 100644 qualification-evidence/consumer-windows22-gkos-status-help.log
 create mode 100644 qualification-evidence/consumer-windows22-install.log
 create mode 100644 qualification-evidence/consumer-windows22-qualification.json
 create mode 100644 qualification-evidence/consumer-windows22-smoke.log
 create mode 100644 qualification-evidence/consumer-windows24-gkos-reset-help.log
 create mode 100644 qualification-evidence/consumer-windows24-gkos-status-help.log
 create mode 100644 qualification-evidence/create-od02-evidence.mjs
 create mode 100644 qualification-evidence/current-runtime-23301a7/current-runtime-0.log
 create mode 100644 qualification-evidence/current-runtime-23301a7/current-runtime-1.log
 create mode 100644 qualification-evidence/current-runtime-23301a7/current-runtime.json
 create mode 100644 qualification-evidence/current-runtime-command.log
 create mode 100644 qualification-evidence/durability-aa2e10d.json
 create mode 100644 qualification-evidence/exact-head-noop-2345606/moc-audit-ubuntu-24.04-node-22-234560673d67047e31ad886b65df62a50f467009/environment.json
 create mode 100644 qualification-evidence/exact-head-noop-2345606/moc-audit-ubuntu-24.04-node-22-234560673d67047e31ad886b65df62a50f467009/tests.tap
 create mode 100644 qualification-evidence/exact-head-noop-2345606/moc-audit-ubuntu-24.04-node-24-234560673d67047e31ad886b65df62a50f467009/environment.json
 create mode 100644 qualification-evidence/exact-head-noop-2345606/moc-audit-ubuntu-24.04-node-24-234560673d67047e31ad886b65df62a50f467009/tests.tap
 create mode 100644 qualification-evidence/exact-head-noop-2345606/moc-audit-windows-latest-node-22-234560673d67047e31ad886b65df62a50f467009/environment.json
 create mode 100644 qualification-evidence/exact-head-noop-2345606/moc-audit-windows-latest-node-22-234560673d67047e31ad886b65df62a50f467009/tests.tap
 create mode 100644 qualification-evidence/exact-head-noop-2345606/moc-audit-windows-latest-node-24-234560673d67047e31ad886b65df62a50f467009/environment.json
 create mode 100644 qualification-evidence/exact-head-noop-2345606/moc-audit-windows-latest-node-24-234560673d67047e31ad886b65df62a50f467009/tests.tap
 create mode 100644 qualification-evidence/exact-head-observation-2345606/observation-2.2-234560673d67047e31ad886b65df62a50f467009-1/observation-receipt.json
 create mode 100644 qualification-evidence/exact-head-observation-2345606/observation-2.2-234560673d67047e31ad886b65df62a50f467009-1/observation-report.json
 create mode 100644 qualification-evidence/exact-head-observation-2345606/observation-2.2-234560673d67047e31ad886b65df62a50f467009-1/performance-sample-plan.json
 create mode 100644 qualification-evidence/exact-head-runtime-2345606/current-runtime-ubuntu-24.04-node-22/current-runtime-0.log
 create mode 100644 qualification-evidence/exact-head-runtime-2345606/current-runtime-ubuntu-24.04-node-22/current-runtime-1.log
 create mode 100644 qualification-evidence/exact-head-runtime-2345606/current-runtime-ubuntu-24.04-node-22/current-runtime.json
 create mode 100644 qualification-evidence/exact-head-runtime-2345606/current-runtime-ubuntu-24.04-node-24/current-runtime-0.log
 create mode 100644 qualification-evidence/exact-head-runtime-2345606/current-runtime-ubuntu-24.04-node-24/current-runtime-1.log
 create mode 100644 qualification-evidence/exact-head-runtime-2345606/current-runtime-ubuntu-24.04-node-24/current-runtime.json
 create mode 100644 qualification-evidence/exact-head-runtime-2345606/current-runtime-ubuntu-24.04-node-26/current-runtime-0.log
 create mode 100644 qualification-evidence/exact-head-runtime-2345606/current-runtime-ubuntu-24.04-node-26/current-runtime-1.log
 create mode 100644 qualification-evidence/exact-head-runtime-2345606/current-runtime-ubuntu-24.04-node-26/current-runtime.json
 create mode 100644 qualification-evidence/exact-head-runtime-2345606/current-runtime-windows-latest-node-22/current-runtime-0.log
 create mode 100644 qualification-evidence/exact-head-runtime-2345606/current-runtime-windows-latest-node-22/current-runtime-1.log
 create mode 100644 qualification-evidence/exact-head-runtime-2345606/current-runtime-windows-latest-node-22/current-runtime.json
 create mode 100644 qualification-evidence/exact-head-runtime-2345606/current-runtime-windows-latest-node-24/current-runtime-0.log
 create mode 100644 qualification-evidence/exact-head-runtime-2345606/current-runtime-windows-latest-node-24/current-runtime-1.log
 create mode 100644 qualification-evidence/exact-head-runtime-2345606/current-runtime-windows-latest-node-24/current-runtime.json
 create mode 100644 qualification-evidence/exact-head-runtime-2345606/current-runtime-windows-latest-node-26/current-runtime-0.log
 create mode 100644 qualification-evidence/exact-head-runtime-2345606/current-runtime-windows-latest-node-26/current-runtime-1.log
 create mode 100644 qualification-evidence/exact-head-runtime-2345606/current-runtime-windows-latest-node-26/current-runtime.json
 create mode 100644 qualification-evidence/exact-head-runtime-2345606/historical-contract-macos-14-node-22/historical-contract-replay-0.log
 create mode 100644 qualification-evidence/exact-head-runtime-2345606/historical-contract-macos-14-node-22/historical-contract-replay.json
 create mode 100644 qualification-evidence/exact-head-runtime-2345606/historical-contract-macos-14-node-23/historical-contract-replay-0.log
 create mode 100644 qualification-evidence/exact-head-runtime-2345606/historical-contract-macos-14-node-23/historical-contract-replay.json
 create mode 100644 qualification-evidence/exact-head-runtime-2345606/historical-contract-macos-14-node-24/historical-contract-replay-0.log
 create mode 100644 qualification-evidence/exact-head-runtime-2345606/historical-contract-macos-14-node-24/historical-contract-replay.json
 create mode 100644 qualification-evidence/exact-head-runtime-2345606/historical-contract-ubuntu-24.04-node-22/historical-contract-replay-0.log
 create mode 100644 qualification-evidence/exact-head-runtime-2345606/historical-contract-ubuntu-24.04-node-22/historical-contract-replay.json
 create mode 100644 qualification-evidence/exact-head-runtime-2345606/historical-contract-ubuntu-24.04-node-23/historical-contract-replay-0.log
 create mode 100644 qualification-evidence/exact-head-runtime-2345606/historical-contract-ubuntu-24.04-node-23/historical-contract-replay.json
 create mode 100644 qualification-evidence/exact-head-runtime-2345606/historical-contract-ubuntu-24.04-node-24/historical-contract-replay-0.log
 create mode 100644 qualification-evidence/exact-head-runtime-2345606/historical-contract-ubuntu-24.04-node-24/historical-contract-replay.json
 create mode 100644 qualification-evidence/exact-head-runtime-2345606/historical-contract-windows-latest-node-22/historical-contract-replay-0.log
 create mode 100644 qualification-evidence/exact-head-runtime-2345606/historical-contract-windows-latest-node-22/historical-contract-replay.json
 create mode 100644 qualification-evidence/exact-head-runtime-2345606/historical-contract-windows-latest-node-23/historical-contract-replay-0.log
 create mode 100644 qualification-evidence/exact-head-runtime-2345606/historical-contract-windows-latest-node-23/historical-contract-replay.json
 create mode 100644 qualification-evidence/exact-head-runtime-2345606/historical-contract-windows-latest-node-24/historical-contract-replay-0.log
 create mode 100644 qualification-evidence/exact-head-runtime-2345606/historical-contract-windows-latest-node-24/historical-contract-replay.json
 create mode 100644 qualification-evidence/exact-native-audit-aa2e10d/moc-audit-ubuntu-24.04-node-22-aa2e10d16983b6cbd4107464f376d87d3c546db3/environment.json
 create mode 100644 qualification-evidence/exact-native-audit-aa2e10d/moc-audit-ubuntu-24.04-node-22-aa2e10d16983b6cbd4107464f376d87d3c546db3/tests.tap
 create mode 100644 qualification-evidence/exact-native-audit-aa2e10d/moc-audit-ubuntu-24.04-node-24-aa2e10d16983b6cbd4107464f376d87d3c546db3/environment.json
 create mode 100644 qualification-evidence/exact-native-audit-aa2e10d/moc-audit-ubuntu-24.04-node-24-aa2e10d16983b6cbd4107464f376d87d3c546db3/tests.tap
 create mode 100644 qualification-evidence/exact-native-audit-aa2e10d/moc-audit-windows-latest-node-22-aa2e10d16983b6cbd4107464f376d87d3c546db3/environment.json
 create mode 100644 qualification-evidence/exact-native-audit-aa2e10d/moc-audit-windows-latest-node-22-aa2e10d16983b6cbd4107464f376d87d3c546db3/tests.tap
 create mode 100644 qualification-evidence/exact-native-audit-aa2e10d/moc-audit-windows-latest-node-24-aa2e10d16983b6cbd4107464f376d87d3c546db3/environment.json
 create mode 100644 qualification-evidence/exact-native-audit-aa2e10d/moc-audit-windows-latest-node-24-aa2e10d16983b6cbd4107464f376d87d3c546db3/tests.tap
 create mode 100644 qualification-evidence/exact-native-audit-ea05531/moc-audit-ubuntu-24.04-node-22-ea055319a50d93e0f1b181e478731b437a152f17/environment.json
 create mode 100644 qualification-evidence/exact-native-audit-ea05531/moc-audit-ubuntu-24.04-node-22-ea055319a50d93e0f1b181e478731b437a152f17/tests.tap
 create mode 100644 qualification-evidence/exact-native-audit-ea05531/moc-audit-ubuntu-24.04-node-24-ea055319a50d93e0f1b181e478731b437a152f17/environment.json
 create mode 100644 qualification-evidence/exact-native-audit-ea05531/moc-audit-ubuntu-24.04-node-24-ea055319a50d93e0f1b181e478731b437a152f17/tests.tap
 create mode 100644 qualification-evidence/exact-native-audit-ea05531/moc-audit-windows-latest-node-22-ea055319a50d93e0f1b181e478731b437a152f17/environment.json
 create mode 100644 qualification-evidence/exact-native-audit-ea05531/moc-audit-windows-latest-node-22-ea055319a50d93e0f1b181e478731b437a152f17/tests.tap
 create mode 100644 qualification-evidence/exact-native-audit-ea05531/moc-audit-windows-latest-node-24-ea055319a50d93e0f1b181e478731b437a152f17/environment.json
 create mode 100644 qualification-evidence/exact-native-audit-ea05531/moc-audit-windows-latest-node-24-ea055319a50d93e0f1b181e478731b437a152f17/tests.tap
 create mode 100644 qualification-evidence/exact-observation-aa2e10d/observation-2.2-aa2e10d16983b6cbd4107464f376d87d3c546db3-1/observation-receipt.json
 create mode 100644 qualification-evidence/exact-observation-aa2e10d/observation-2.2-aa2e10d16983b6cbd4107464f376d87d3c546db3-1/observation-report.json
 create mode 100644 qualification-evidence/exact-observation-aa2e10d/observation-2.2-aa2e10d16983b6cbd4107464f376d87d3c546db3-1/performance-sample-plan.json
 create mode 100644 qualification-evidence/exact-observation-ea05531/observation-2.2-ea055319a50d93e0f1b181e478731b437a152f17-1/observation-receipt.json
 create mode 100644 qualification-evidence/exact-observation-ea05531/observation-2.2-ea055319a50d93e0f1b181e478731b437a152f17-1/observation-report.json
 create mode 100644 qualification-evidence/exact-observation-ea05531/observation-2.2-ea055319a50d93e0f1b181e478731b437a152f17-1/performance-sample-plan.json
 create mode 100644 qualification-evidence/exact-observation-f7d80e6/observation-2.2-f7d80e6fce1b905a42c54423ef8ec4b7fc18fc22-1/observation-receipt.json
 create mode 100644 qualification-evidence/exact-observation-f7d80e6/observation-2.2-f7d80e6fce1b905a42c54423ef8ec4b7fc18fc22-1/observation-report.json
 create mode 100644 qualification-evidence/exact-observation-f7d80e6/observation-2.2-f7d80e6fce1b905a42c54423ef8ec4b7fc18fc22-1/performance-sample-plan.json
 create mode 100644 qualification-evidence/exact-runtime-6e4e937-attempt1/current-runtime-ubuntu-24.04-node-22/current-runtime-0.log
 create mode 100644 qualification-evidence/exact-runtime-6e4e937-attempt1/current-runtime-ubuntu-24.04-node-22/current-runtime-1.log
 create mode 100644 qualification-evidence/exact-runtime-6e4e937-attempt1/current-runtime-ubuntu-24.04-node-22/current-runtime.json
 create mode 100644 qualification-evidence/exact-runtime-6e4e937-attempt1/current-runtime-ubuntu-24.04-node-24/current-runtime-0.log
 create mode 100644 qualification-evidence/exact-runtime-6e4e937-attempt1/current-runtime-ubuntu-24.04-node-24/current-runtime-1.log
 create mode 100644 qualification-evidence/exact-runtime-6e4e937-attempt1/current-runtime-ubuntu-24.04-node-24/current-runtime.json
 create mode 100644 qualification-evidence/exact-runtime-6e4e937-attempt1/current-runtime-ubuntu-24.04-node-26/current-runtime-0.log
 create mode 100644 qualification-evidence/exact-runtime-6e4e937-attempt1/current-runtime-ubuntu-24.04-node-26/current-runtime-1.log
 create mode 100644 qualification-evidence/exact-runtime-6e4e937-attempt1/current-runtime-ubuntu-24.04-node-26/current-runtime.json
 create mode 100644 qualification-evidence/exact-runtime-6e4e937-attempt1/current-runtime-windows-latest-node-22/current-runtime-0.log
 create mode 100644 qualification-evidence/exact-runtime-6e4e937-attempt1/current-runtime-windows-latest-node-22/current-runtime-1.log
 create mode 100644 qualification-evidence/exact-runtime-6e4e937-attempt1/current-runtime-windows-latest-node-22/current-runtime.json
 create mode 100644 qualification-evidence/exact-runtime-6e4e937-attempt1/current-runtime-windows-latest-node-24/current-runtime-0.log
 create mode 100644 qualification-evidence/exact-runtime-6e4e937-attempt1/current-runtime-windows-latest-node-24/current-runtime-1.log
 create mode 100644 qualification-evidence/exact-runtime-6e4e937-attempt1/current-runtime-windows-latest-node-24/current-runtime.json
 create mode 100644 qualification-evidence/exact-runtime-6e4e937-attempt1/current-runtime-windows-latest-node-26/current-runtime-0.log
 create mode 100644 qualification-evidence/exact-runtime-6e4e937-attempt1/current-runtime-windows-latest-node-26/current-runtime-1.log
 create mode 100644 qualification-evidence/exact-runtime-6e4e937-attempt1/current-runtime-windows-latest-node-26/current-runtime.json
 create mode 100644 qualification-evidence/exact-runtime-6e4e937-attempt1/historical-contract-macos-14-node-22/historical-contract-replay-0.log
 create mode 100644 qualification-evidence/exact-runtime-6e4e937-attempt1/historical-contract-macos-14-node-22/historical-contract-replay.json
 create mode 100644 qualification-evidence/exact-runtime-6e4e937-attempt1/historical-contract-macos-14-node-23/historical-contract-replay-0.log
 create mode 100644 qualification-evidence/exact-runtime-6e4e937-attempt1/historical-contract-macos-14-node-23/historical-contract-replay.json
 create mode 100644 qualification-evidence/exact-runtime-6e4e937-attempt1/historical-contract-macos-14-node-24/historical-contract-replay-0.log
 create mode 100644 qualification-evidence/exact-runtime-6e4e937-attempt1/historical-contract-macos-14-node-24/historical-contract-replay.json
 create mode 100644 qualification-evidence/exact-runtime-6e4e937-attempt1/historical-contract-ubuntu-24.04-node-22/historical-contract-replay-0.log
 create mode 100644 qualification-evidence/exact-runtime-6e4e937-attempt1/historical-contract-ubuntu-24.04-node-22/historical-contract-replay.json
 create mode 100644 qualification-evidence/exact-runtime-6e4e937-attempt1/historical-contract-ubuntu-24.04-node-23/historical-contract-replay-0.log
 create mode 100644 qualification-evidence/exact-runtime-6e4e937-attempt1/historical-contract-ubuntu-24.04-node-23/historical-contract-replay.json
 create mode 100644 qualification-evidence/exact-runtime-6e4e937-attempt1/historical-contract-ubuntu-24.04-node-24/historical-contract-replay-0.log
 create mode 100644 qualification-evidence/exact-runtime-6e4e937-attempt1/historical-contract-ubuntu-24.04-node-24/historical-contract-replay.json
 create mode 100644 qualification-evidence/exact-runtime-6e4e937-attempt1/historical-contract-windows-latest-node-22/historical-contract-replay-0.log
 create mode 100644 qualification-evidence/exact-runtime-6e4e937-attempt1/historical-contract-windows-latest-node-22/historical-contract-replay.json
 create mode 100644 qualification-evidence/exact-runtime-6e4e937-attempt1/historical-contract-windows-latest-node-23/historical-contract-replay-0.log
 create mode 100644 qualification-evidence/exact-runtime-6e4e937-attempt1/historical-contract-windows-latest-node-23/historical-contract-replay.json
 create mode 100644 qualification-evidence/exact-runtime-6e4e937-attempt1/historical-contract-windows-latest-node-24/historical-contract-replay-0.log
 create mode 100644 qualification-evidence/exact-runtime-6e4e937-attempt1/historical-contract-windows-latest-node-24/historical-contract-replay.json
 create mode 100644 qualification-evidence/exact-runtime-6e4e937-attempt2-windows22/current-runtime-0.log
 create mode 100644 qualification-evidence/exact-runtime-6e4e937-attempt2-windows22/current-runtime-1.log
 create mode 100644 qualification-evidence/exact-runtime-6e4e937-attempt2-windows22/current-runtime.json
 create mode 100644 qualification-evidence/exact-runtime-aa2e10d/current-runtime-ubuntu-24.04-node-22/current-runtime-0.log
 create mode 100644 qualification-evidence/exact-runtime-aa2e10d/current-runtime-ubuntu-24.04-node-22/current-runtime-1.log
 create mode 100644 qualification-evidence/exact-runtime-aa2e10d/current-runtime-ubuntu-24.04-node-22/current-runtime.json
 create mode 100644 qualification-evidence/exact-runtime-aa2e10d/current-runtime-ubuntu-24.04-node-24/current-runtime-0.log
 create mode 100644 qualification-evidence/exact-runtime-aa2e10d/current-runtime-ubuntu-24.04-node-24/current-runtime-1.log
 create mode 100644 qualification-evidence/exact-runtime-aa2e10d/current-runtime-ubuntu-24.04-node-24/current-runtime.json
 create mode 100644 qualification-evidence/exact-runtime-aa2e10d/current-runtime-ubuntu-24.04-node-26/current-runtime-0.log
 create mode 100644 qualification-evidence/exact-runtime-aa2e10d/current-runtime-ubuntu-24.04-node-26/current-runtime-1.log
 create mode 100644 qualification-evidence/exact-runtime-aa2e10d/current-runtime-ubuntu-24.04-node-26/current-runtime.json
 create mode 100644 qualification-evidence/exact-runtime-aa2e10d/current-runtime-windows-latest-node-22/current-runtime-0.log
 create mode 100644 qualification-evidence/exact-runtime-aa2e10d/current-runtime-windows-latest-node-22/current-runtime-1.log
 create mode 100644 qualification-evidence/exact-runtime-aa2e10d/current-runtime-windows-latest-node-22/current-runtime.json
 create mode 100644 qualification-evidence/exact-runtime-aa2e10d/current-runtime-windows-latest-node-24/current-runtime-0.log
 create mode 100644 qualification-evidence/exact-runtime-aa2e10d/current-runtime-windows-latest-node-24/current-runtime-1.log
 create mode 100644 qualification-evidence/exact-runtime-aa2e10d/current-runtime-windows-latest-node-24/current-runtime.json
 create mode 100644 qualification-evidence/exact-runtime-aa2e10d/current-runtime-windows-latest-node-26/current-runtime-0.log
 create mode 100644 qualification-evidence/exact-runtime-aa2e10d/current-runtime-windows-latest-node-26/current-runtime-1.log
 create mode 100644 qualification-evidence/exact-runtime-aa2e10d/current-runtime-windows-latest-node-26/current-runtime.json
 create mode 100644 qualification-evidence/exact-runtime-aa2e10d/historical-contract-macos-14-node-22/historical-contract-replay-0.log
 create mode 100644 qualification-evidence/exact-runtime-aa2e10d/historical-contract-macos-14-node-22/historical-contract-replay.json
 create mode 100644 qualification-evidence/exact-runtime-aa2e10d/historical-contract-macos-14-node-23/historical-contract-replay-0.log
 create mode 100644 qualification-evidence/exact-runtime-aa2e10d/historical-contract-macos-14-node-23/historical-contract-replay.json
 create mode 100644 qualification-evidence/exact-runtime-aa2e10d/historical-contract-macos-14-node-24/historical-contract-replay-0.log
 create mode 100644 qualification-evidence/exact-runtime-aa2e10d/historical-contract-macos-14-node-24/historical-contract-replay.json
 create mode 100644 qualification-evidence/exact-runtime-aa2e10d/historical-contract-ubuntu-24.04-node-22/historical-contract-replay-0.log
 create mode 100644 qualification-evidence/exact-runtime-aa2e10d/historical-contract-ubuntu-24.04-node-22/historical-contract-replay.json
 create mode 100644 qualification-evidence/exact-runtime-aa2e10d/historical-contract-ubuntu-24.04-node-23/historical-contract-replay-0.log
 create mode 100644 qualification-evidence/exact-runtime-aa2e10d/historical-contract-ubuntu-24.04-node-23/historical-contract-replay.json
 create mode 100644 qualification-evidence/exact-runtime-aa2e10d/historical-contract-ubuntu-24.04-node-24/historical-contract-replay-0.log
 create mode 100644 qualification-evidence/exact-runtime-aa2e10d/historical-contract-ubuntu-24.04-node-24/historical-contract-replay.json
 create mode 100644 qualification-evidence/exact-runtime-aa2e10d/historical-contract-windows-latest-node-22/historical-contract-replay-0.log
 create mode 100644 qualification-evidence/exact-runtime-aa2e10d/historical-contract-windows-latest-node-22/historical-contract-replay.json
 create mode 100644 qualification-evidence/exact-runtime-aa2e10d/historical-contract-windows-latest-node-23/historical-contract-replay-0.log
 create mode 100644 qualification-evidence/exact-runtime-aa2e10d/historical-contract-windows-latest-node-23/historical-contract-replay.json
 create mode 100644 qualification-evidence/exact-runtime-aa2e10d/historical-contract-windows-latest-node-24/historical-contract-replay-0.log
 create mode 100644 qualification-evidence/exact-runtime-aa2e10d/historical-contract-windows-latest-node-24/historical-contract-replay.json
 create mode 100644 qualification-evidence/exact-runtime-ea05531/current-runtime-ubuntu-24.04-node-22/current-runtime-0.log
 create mode 100644 qualification-evidence/exact-runtime-ea05531/current-runtime-ubuntu-24.04-node-22/current-runtime-1.log
 create mode 100644 qualification-evidence/exact-runtime-ea05531/current-runtime-ubuntu-24.04-node-22/current-runtime.json
 create mode 100644 qualification-evidence/exact-runtime-ea05531/current-runtime-ubuntu-24.04-node-24/current-runtime-0.log
 create mode 100644 qualification-evidence/exact-runtime-ea05531/current-runtime-ubuntu-24.04-node-24/current-runtime-1.log
 create mode 100644 qualification-evidence/exact-runtime-ea05531/current-runtime-ubuntu-24.04-node-24/current-runtime.json
 create mode 100644 qualification-evidence/exact-runtime-ea05531/current-runtime-ubuntu-24.04-node-26/current-runtime-0.log
 create mode 100644 qualification-evidence/exact-runtime-ea05531/current-runtime-ubuntu-24.04-node-26/current-runtime-1.log
 create mode 100644 qualification-evidence/exact-runtime-ea05531/current-runtime-ubuntu-24.04-node-26/current-runtime.json
 create mode 100644 qualification-evidence/exact-runtime-ea05531/current-runtime-windows-latest-node-22/current-runtime-0.log
 create mode 100644 qualification-evidence/exact-runtime-ea05531/current-runtime-windows-latest-node-22/current-runtime-1.log
 create mode 100644 qualification-evidence/exact-runtime-ea05531/current-runtime-windows-latest-node-22/current-runtime.json
 create mode 100644 qualification-evidence/exact-runtime-ea05531/current-runtime-windows-latest-node-24/current-runtime-0.log
 create mode 100644 qualification-evidence/exact-runtime-ea05531/current-runtime-windows-latest-node-24/current-runtime-1.log
 create mode 100644 qualification-evidence/exact-runtime-ea05531/current-runtime-windows-latest-node-24/current-runtime.json
 create mode 100644 qualification-evidence/exact-runtime-ea05531/current-runtime-windows-latest-node-26/current-runtime-0.log
 create mode 100644 qualification-evidence/exact-runtime-ea05531/current-runtime-windows-latest-node-26/current-runtime-1.log
 create mode 100644 qualification-evidence/exact-runtime-ea05531/current-runtime-windows-latest-node-26/current-runtime.json
 create mode 100644 qualification-evidence/exact-runtime-ea05531/historical-contract-macos-14-node-22/historical-contract-replay-0.log
 create mode 100644 qualification-evidence/exact-runtime-ea05531/historical-contract-macos-14-node-22/historical-contract-replay.json
 create mode 100644 qualification-evidence/exact-runtime-ea05531/historical-contract-macos-14-node-23/historical-contract-replay-0.log
 create mode 100644 qualification-evidence/exact-runtime-ea05531/historical-contract-macos-14-node-23/historical-contract-replay.json
 create mode 100644 qualification-evidence/exact-runtime-ea05531/historical-contract-macos-14-node-24/historical-contract-replay-0.log
 create mode 100644 qualification-evidence/exact-runtime-ea05531/historical-contract-macos-14-node-24/historical-contract-replay.json
 create mode 100644 qualification-evidence/exact-runtime-ea05531/historical-contract-ubuntu-24.04-node-22/historical-contract-replay-0.log
 create mode 100644 qualification-evidence/exact-runtime-ea05531/historical-contract-ubuntu-24.04-node-22/historical-contract-replay.json
 create mode 100644 qualification-evidence/exact-runtime-ea05531/historical-contract-ubuntu-24.04-node-23/historical-contract-replay-0.log
 create mode 100644 qualification-evidence/exact-runtime-ea05531/historical-contract-ubuntu-24.04-node-23/historical-contract-replay.json
 create mode 100644 qualification-evidence/exact-runtime-ea05531/historical-contract-ubuntu-24.04-node-24/historical-contract-replay-0.log
 create mode 100644 qualification-evidence/exact-runtime-ea05531/historical-contract-ubuntu-24.04-node-24/historical-contract-replay.json
 create mode 100644 qualification-evidence/exact-runtime-ea05531/historical-contract-windows-latest-node-22/historical-contract-replay-0.log
 create mode 100644 qualification-evidence/exact-runtime-ea05531/historical-contract-windows-latest-node-22/historical-contract-replay.json
 create mode 100644 qualification-evidence/exact-runtime-ea05531/historical-contract-windows-latest-node-23/historical-contract-replay-0.log
 create mode 100644 qualification-evidence/exact-runtime-ea05531/historical-contract-windows-latest-node-23/historical-contract-replay.json
 create mode 100644 qualification-evidence/exact-runtime-ea05531/historical-contract-windows-latest-node-24/historical-contract-replay-0.log
 create mode 100644 qualification-evidence/exact-runtime-ea05531/historical-contract-windows-latest-node-24/historical-contract-replay.json
 create mode 100644 qualification-evidence/exact-runtime-f7d80e6-attempt1-windows24/current-runtime-0.log
 create mode 100644 qualification-evidence/exact-runtime-f7d80e6-attempt1-windows24/current-runtime-1.log
 create mode 100644 qualification-evidence/exact-runtime-f7d80e6-attempt1-windows24/current-runtime.json
 create mode 100644 qualification-evidence/final-noop-2345606/moc-audit-ubuntu-24.04-node-22-a687c92239e2be4d5e911cf6252433b9ffc44917/environment.json
 create mode 100644 qualification-evidence/final-noop-2345606/moc-audit-ubuntu-24.04-node-22-a687c92239e2be4d5e911cf6252433b9ffc44917/tests.tap
 create mode 100644 qualification-evidence/final-noop-2345606/moc-audit-ubuntu-24.04-node-24-a687c92239e2be4d5e911cf6252433b9ffc44917/environment.json
 create mode 100644 qualification-evidence/final-noop-2345606/moc-audit-ubuntu-24.04-node-24-a687c92239e2be4d5e911cf6252433b9ffc44917/tests.tap
 create mode 100644 qualification-evidence/final-noop-2345606/moc-audit-windows-latest-node-22-a687c92239e2be4d5e911cf6252433b9ffc44917/environment.json
 create mode 100644 qualification-evidence/final-noop-2345606/moc-audit-windows-latest-node-22-a687c92239e2be4d5e911cf6252433b9ffc44917/tests.tap
 create mode 100644 qualification-evidence/final-noop-2345606/moc-audit-windows-latest-node-24-a687c92239e2be4d5e911cf6252433b9ffc44917/environment.json
 create mode 100644 qualification-evidence/final-noop-2345606/moc-audit-windows-latest-node-24-a687c92239e2be4d5e911cf6252433b9ffc44917/tests.tap
 create mode 100644 qualification-evidence/final-observation-2345606/observation-2.2-a687c92239e2be4d5e911cf6252433b9ffc44917-1/observation-receipt.json
 create mode 100644 qualification-evidence/final-observation-2345606/observation-2.2-a687c92239e2be4d5e911cf6252433b9ffc44917-1/observation-report.json
 create mode 100644 qualification-evidence/final-observation-2345606/observation-2.2-a687c92239e2be4d5e911cf6252433b9ffc44917-1/performance-sample-plan.json
 create mode 100644 qualification-evidence/final-runtime-2345606-jobs.json
 create mode 100644 qualification-evidence/final-runtime-2345606/current-runtime-ubuntu-24.04-node-22/current-runtime-0.log
 create mode 100644 qualification-evidence/final-runtime-2345606/current-runtime-ubuntu-24.04-node-22/current-runtime-1.log
 create mode 100644 qualification-evidence/final-runtime-2345606/current-runtime-ubuntu-24.04-node-22/current-runtime.json
 create mode 100644 qualification-evidence/final-runtime-2345606/current-runtime-ubuntu-24.04-node-24/current-runtime-0.log
 create mode 100644 qualification-evidence/final-runtime-2345606/current-runtime-ubuntu-24.04-node-24/current-runtime-1.log
 create mode 100644 qualification-evidence/final-runtime-2345606/current-runtime-ubuntu-24.04-node-24/current-runtime.json
 create mode 100644 qualification-evidence/final-runtime-2345606/current-runtime-ubuntu-24.04-node-26/current-runtime-0.log
 create mode 100644 qualification-evidence/final-runtime-2345606/current-runtime-ubuntu-24.04-node-26/current-runtime-1.log
 create mode 100644 qualification-evidence/final-runtime-2345606/current-runtime-ubuntu-24.04-node-26/current-runtime.json
 create mode 100644 qualification-evidence/final-runtime-2345606/current-runtime-windows-latest-node-22/current-runtime-0.log
 create mode 100644 qualification-evidence/final-runtime-2345606/current-runtime-windows-latest-node-22/current-runtime-1.log
 create mode 100644 qualification-evidence/final-runtime-2345606/current-runtime-windows-latest-node-22/current-runtime.json
 create mode 100644 qualification-evidence/final-runtime-2345606/current-runtime-windows-latest-node-24/current-runtime-0.log
 create mode 100644 qualification-evidence/final-runtime-2345606/current-runtime-windows-latest-node-24/current-runtime-1.log
 create mode 100644 qualification-evidence/final-runtime-2345606/current-runtime-windows-latest-node-24/current-runtime.json
 create mode 100644 qualification-evidence/final-runtime-2345606/current-runtime-windows-latest-node-26/current-runtime-0.log
 create mode 100644 qualification-evidence/final-runtime-2345606/current-runtime-windows-latest-node-26/current-runtime-1.log
 create mode 100644 qualification-evidence/final-runtime-2345606/current-runtime-windows-latest-node-26/current-runtime.json
 create mode 100644 qualification-evidence/final-runtime-2345606/historical-contract-macos-14-node-22/historical-contract-replay-0.log
 create mode 100644 qualification-evidence/final-runtime-2345606/historical-contract-macos-14-node-22/historical-contract-replay.json
 create mode 100644 qualification-evidence/final-runtime-2345606/historical-contract-macos-14-node-23/historical-contract-replay-0.log
 create mode 100644 qualification-evidence/final-runtime-2345606/historical-contract-macos-14-node-23/historical-contract-replay.json
 create mode 100644 qualification-evidence/final-runtime-2345606/historical-contract-macos-14-node-24/historical-contract-replay-0.log
 create mode 100644 qualification-evidence/final-runtime-2345606/historical-contract-macos-14-node-24/historical-contract-replay.json
 create mode 100644 qualification-evidence/final-runtime-2345606/historical-contract-ubuntu-24.04-node-22/historical-contract-replay-0.log
 create mode 100644 qualification-evidence/final-runtime-2345606/historical-contract-ubuntu-24.04-node-22/historical-contract-replay.json
 create mode 100644 qualification-evidence/final-runtime-2345606/historical-contract-ubuntu-24.04-node-23/historical-contract-replay-0.log
 create mode 100644 qualification-evidence/final-runtime-2345606/historical-contract-ubuntu-24.04-node-23/historical-contract-replay.json
 create mode 100644 qualification-evidence/final-runtime-2345606/historical-contract-ubuntu-24.04-node-24/historical-contract-replay-0.log
 create mode 100644 qualification-evidence/final-runtime-2345606/historical-contract-ubuntu-24.04-node-24/historical-contract-replay.json
 create mode 100644 qualification-evidence/final-runtime-2345606/historical-contract-windows-latest-node-22/historical-contract-replay-0.log
 create mode 100644 qualification-evidence/final-runtime-2345606/historical-contract-windows-latest-node-22/historical-contract-replay.json
 create mode 100644 qualification-evidence/final-runtime-2345606/historical-contract-windows-latest-node-23/historical-contract-replay-0.log
 create mode 100644 qualification-evidence/final-runtime-2345606/historical-contract-windows-latest-node-23/historical-contract-replay.json
 create mode 100644 qualification-evidence/final-runtime-2345606/historical-contract-windows-latest-node-24/historical-contract-replay-0.log
 create mode 100644 qualification-evidence/final-runtime-2345606/historical-contract-windows-latest-node-24/historical-contract-replay.json
 create mode 100644 qualification-evidence/gates-2345606/01-ci.log
 create mode 100644 qualification-evidence/gates-2345606/02-run-typecheck.log
 create mode 100644 qualification-evidence/gates-2345606/03-run-build.log
 create mode 100644 qualification-evidence/gates-2345606/04-test.log
 create mode 100644 qualification-evidence/gates-2345606/05-run-test-navigation.log
 create mode 100644 qualification-evidence/gates-2345606/06-run-test-intelligence.log
 create mode 100644 qualification-evidence/gates-2345606/07-run-pack-check.log
 create mode 100644 qualification-evidence/gates-2345606/08-run-check-license.log
 create mode 100644 qualification-evidence/gates-2345606/09-run-check-nomenclature.log
 create mode 100644 qualification-evidence/gates-2345606/10-audit---json.log
 create mode 100644 qualification-evidence/gates-2345606/11-run-qualify-current------output.log
 create mode 100644 qualification-evidence/gates-2345606/commands.json
 create mode 100644 qualification-evidence/gates-2345606/current-runtime/current-runtime-0.log
 create mode 100644 qualification-evidence/gates-2345606/current-runtime/current-runtime-1.log
 create mode 100644 qualification-evidence/gates-2345606/current-runtime/current-runtime.json
 create mode 100644 qualification-evidence/gates-458a23f/01-ci.log
 create mode 100644 qualification-evidence/gates-458a23f/02-run-typecheck.log
 create mode 100644 qualification-evidence/gates-458a23f/03-run-build.log
 create mode 100644 qualification-evidence/gates-458a23f/04-test.log
 create mode 100644 qualification-evidence/gates-458a23f/05-run-test-navigation.log
 create mode 100644 qualification-evidence/gates-458a23f/06-run-test-intelligence.log
 create mode 100644 qualification-evidence/gates-458a23f/07-run-pack-check.log
 create mode 100644 qualification-evidence/gates-458a23f/08-run-check-license.log
 create mode 100644 qualification-evidence/gates-458a23f/09-run-check-nomenclature.log
 create mode 100644 qualification-evidence/gates-458a23f/10-audit---json.log
 create mode 100644 qualification-evidence/gates-458a23f/11-run-qualify-current------output.log
 create mode 100644 qualification-evidence/gates-458a23f/commands.json
 create mode 100644 qualification-evidence/gates-458a23f/current-runtime/current-runtime-0.log
 create mode 100644 qualification-evidence/gates-458a23f/current-runtime/current-runtime-1.log
 create mode 100644 qualification-evidence/gates-458a23f/current-runtime/current-runtime.json
 create mode 100644 qualification-evidence/gates-6e4e937/01-ci.log
 create mode 100644 qualification-evidence/gates-6e4e937/02-run-typecheck.log
 create mode 100644 qualification-evidence/gates-6e4e937/03-run-build.log
 create mode 100644 qualification-evidence/gates-6e4e937/04-test.log
 create mode 100644 qualification-evidence/gates-6e4e937/05-run-test-navigation.log
 create mode 100644 qualification-evidence/gates-6e4e937/06-run-test-intelligence.log
 create mode 100644 qualification-evidence/gates-6e4e937/07-run-pack-check.log
 create mode 100644 qualification-evidence/gates-6e4e937/08-run-check-license.log
 create mode 100644 qualification-evidence/gates-6e4e937/09-run-check-nomenclature.log
 create mode 100644 qualification-evidence/gates-6e4e937/10-audit---json.log
 create mode 100644 qualification-evidence/gates-6e4e937/11-run-qualify-current------output.log
 create mode 100644 qualification-evidence/gates-6e4e937/commands.json
 create mode 100644 qualification-evidence/gates-6e4e937/current-runtime/current-runtime-0.log
 create mode 100644 qualification-evidence/gates-6e4e937/current-runtime/current-runtime-1.log
 create mode 100644 qualification-evidence/gates-6e4e937/current-runtime/current-runtime.json
 create mode 100644 qualification-evidence/gates-aa2e10d/01-ci.log
 create mode 100644 qualification-evidence/gates-aa2e10d/02-run-typecheck.log
 create mode 100644 qualification-evidence/gates-aa2e10d/03-run-build.log
 create mode 100644 qualification-evidence/gates-aa2e10d/04-test.log
 create mode 100644 qualification-evidence/gates-aa2e10d/05-run-test-navigation.log
 create mode 100644 qualification-evidence/gates-aa2e10d/06-run-test-intelligence.log
 create mode 100644 qualification-evidence/gates-aa2e10d/07-run-pack-check.log
 create mode 100644 qualification-evidence/gates-aa2e10d/08-run-check-license.log
 create mode 100644 qualification-evidence/gates-aa2e10d/09-run-check-nomenclature.log
 create mode 100644 qualification-evidence/gates-aa2e10d/10-audit---json.log
 create mode 100644 qualification-evidence/gates-aa2e10d/11-run-qualify-current------output.log
 create mode 100644 qualification-evidence/gates-aa2e10d/commands.json
 create mode 100644 qualification-evidence/gates-aa2e10d/current-runtime/current-runtime-0.log
 create mode 100644 qualification-evidence/gates-aa2e10d/current-runtime/current-runtime-1.log
 create mode 100644 qualification-evidence/gates-aa2e10d/current-runtime/current-runtime.json
 create mode 100644 qualification-evidence/gates-ea05531/01-ci.log
 create mode 100644 qualification-evidence/gates-ea05531/02-run-typecheck.log
 create mode 100644 qualification-evidence/gates-ea05531/03-run-build.log
 create mode 100644 qualification-evidence/gates-ea05531/04-test.log
 create mode 100644 qualification-evidence/gates-ea05531/05-run-test-navigation.log
 create mode 100644 qualification-evidence/gates-ea05531/06-run-test-intelligence.log
 create mode 100644 qualification-evidence/gates-ea05531/07-run-pack-check.log
 create mode 100644 qualification-evidence/gates-ea05531/08-run-check-license.log
 create mode 100644 qualification-evidence/gates-ea05531/09-run-check-nomenclature.log
 create mode 100644 qualification-evidence/gates-ea05531/10-audit---json.log
 create mode 100644 qualification-evidence/gates-ea05531/11-run-qualify-current------output.log
 create mode 100644 qualification-evidence/gates-ea05531/commands.json
 create mode 100644 qualification-evidence/gates-ea05531/current-runtime/current-runtime-0.log
 create mode 100644 qualification-evidence/gates-ea05531/current-runtime/current-runtime-1.log
 create mode 100644 qualification-evidence/gates-ea05531/current-runtime/current-runtime.json
 create mode 100644 qualification-evidence/graph-order-after-fix.log
 create mode 100644 qualification-evidence/graph-order-before-fix.log
 create mode 100644 qualification-evidence/graph-order-build.log
 create mode 100644 qualification-evidence/graph-order-inventory.json
 create mode 100644 qualification-evidence/historical-observation-replay/phase4-retrieval-observation-34236128505-1/observation-receipt.json
 create mode 100644 qualification-evidence/historical-observation-replay/phase4-retrieval-observation-34236128505-1/observation-report.json
 create mode 100644 qualification-evidence/historical-observation-replay/phase4-retrieval-observation-34236128505-1/performance-sample-plan.json
 create mode 100644 qualification-evidence/hosted-native-audit-458a23f/moc-audit-ubuntu-24.04-node-22-67896fbe72a5018f47fd3ec6cdd08f80a4adbe20/environment.json
 create mode 100644 qualification-evidence/hosted-native-audit-458a23f/moc-audit-ubuntu-24.04-node-22-67896fbe72a5018f47fd3ec6cdd08f80a4adbe20/tests.tap
 create mode 100644 qualification-evidence/hosted-native-audit-458a23f/moc-audit-ubuntu-24.04-node-24-67896fbe72a5018f47fd3ec6cdd08f80a4adbe20/environment.json
 create mode 100644 qualification-evidence/hosted-native-audit-458a23f/moc-audit-ubuntu-24.04-node-24-67896fbe72a5018f47fd3ec6cdd08f80a4adbe20/tests.tap
 create mode 100644 qualification-evidence/hosted-native-audit-458a23f/moc-audit-windows-latest-node-22-67896fbe72a5018f47fd3ec6cdd08f80a4adbe20/environment.json
 create mode 100644 qualification-evidence/hosted-native-audit-458a23f/moc-audit-windows-latest-node-22-67896fbe72a5018f47fd3ec6cdd08f80a4adbe20/tests.tap
 create mode 100644 qualification-evidence/hosted-native-audit-458a23f/moc-audit-windows-latest-node-24-67896fbe72a5018f47fd3ec6cdd08f80a4adbe20/environment.json
 create mode 100644 qualification-evidence/hosted-native-audit-458a23f/moc-audit-windows-latest-node-24-67896fbe72a5018f47fd3ec6cdd08f80a4adbe20/tests.tap
 create mode 100644 qualification-evidence/hosted-observation-23301a7/observation-2.2-23301a735165c5585ef3092a1d87691c002917a5-1/observation-receipt.json
 create mode 100644 qualification-evidence/hosted-observation-23301a7/observation-2.2-23301a735165c5585ef3092a1d87691c002917a5-1/observation-report.json
 create mode 100644 qualification-evidence/hosted-observation-23301a7/observation-2.2-23301a735165c5585ef3092a1d87691c002917a5-1/performance-sample-plan.json
 create mode 100644 qualification-evidence/hosted-observation-458a23f/observation-2.2-67896fbe72a5018f47fd3ec6cdd08f80a4adbe20-1/observation-receipt.json
 create mode 100644 qualification-evidence/hosted-observation-458a23f/observation-2.2-67896fbe72a5018f47fd3ec6cdd08f80a4adbe20-1/observation-report.json
 create mode 100644 qualification-evidence/hosted-observation-458a23f/observation-2.2-67896fbe72a5018f47fd3ec6cdd08f80a4adbe20-1/performance-sample-plan.json
 create mode 100644 qualification-evidence/incremental-fix-build.log
 create mode 100644 qualification-evidence/incremental-fix-tests.log
 create mode 100644 qualification-evidence/incremental-fix-typecheck.log
 create mode 100644 qualification-evidence/index-refresh.log
 create mode 100644 qualification-evidence/inspect-candidate-tarball.py
 create mode 100644 qualification-evidence/inspect-tarball-6e4e937.py
 create mode 100644 qualification-evidence/inspect-tarball.py
 create mode 100644 qualification-evidence/integrated-inventory.json
 create mode 100644 qualification-evidence/inventory-check.json
 create mode 100644 qualification-evidence/kosmos-6e4e937-browser.log
 create mode 100644 qualification-evidence/kosmos-6e4e937-install.log
 create mode 100644 qualification-evidence/kosmos-6e4e937-tests.log
 create mode 100644 qualification-evidence/kosmos-candidate-install.log
 create mode 100644 qualification-evidence/kosmos-candidate-tests.log
 create mode 100644 qualification-evidence/kosmos-candidate-typecheck.log
 create mode 100644 qualification-evidence/kosmos-ea05531-browser-full.log
 create mode 100644 qualification-evidence/kosmos-ea05531-browser.log
 create mode 100644 qualification-evidence/kosmos-ea05531-install.log
 create mode 100644 qualification-evidence/kosmos-ea05531-tests.log
 create mode 100644 qualification-evidence/kosmos-ea05531-validation.json
 create mode 100644 qualification-evidence/kosmos-skip-parent-merge.txt
 create mode 100644 qualification-evidence/kosmos-three-browser.log
 create mode 100644 qualification-evidence/kosmos-three-ci.log
 create mode 100644 qualification-evidence/kosmos-three-engine234-install.log
 create mode 100644 qualification-evidence/kosmos-three-engine234-tests.log
 create mode 100644 qualification-evidence/kosmos-three-verify.log
 create mode 100644 qualification-evidence/large-restart-diagnostic.test.mjs
 create mode 100644 qualification-evidence/material.mjs
 create mode 100644 qualification-evidence/native-audit-ea05531-verified.json
 create mode 100644 qualification-evidence/native-read-build.log
 create mode 100644 qualification-evidence/native-read-ci.log
 create mode 100644 qualification-evidence/native-read-pack-check.log
 create mode 100644 qualification-evidence/native-read-pr-body.md
 create mode 100644 qualification-evidence/native-read-regressions-node22.log
 create mode 100644 qualification-evidence/native-read-regressions.log
 create mode 100644 qualification-evidence/native-read-repair-evidence.json
 create mode 100644 qualification-evidence/native-read-tests-invalid-fixture.log
 create mode 100644 qualification-evidence/native-read-tests.log
 create mode 100644 qualification-evidence/native-read-typecheck.log
 create mode 100644 qualification-evidence/native-soak-aa2e10d-pilot-1-original.mjs
 create mode 100644 qualification-evidence/native-soak-aa2e10d-pilot.mjs
 create mode 100644 qualification-evidence/native-soak-ea05531-length-vector-v1.mjs
 create mode 100644 qualification-evidence/native-soak-ea05531-onehot-v2-five-sample.mjs
 create mode 100644 qualification-evidence/native-soak-ea05531-pilot-1.mjs
 create mode 100644 qualification-evidence/native-soak-profile-10m.mjs
 create mode 100644 qualification-evidence/native-soak-profile.mjs
 create mode 100644 qualification-evidence/native-soak.mjs
 create mode 100644 qualification-evidence/next-build.log
 create mode 100644 qualification-evidence/next-ci.log
 create mode 100644 qualification-evidence/next-focused.log
 create mode 100644 qualification-evidence/noop-build-2.log
 create mode 100644 qualification-evidence/noop-build-4.log
 create mode 100644 qualification-evidence/noop-build-5.log
 create mode 100644 qualification-evidence/noop-build.log
 create mode 100644 qualification-evidence/noop-host-tests.log
 create mode 100644 qualification-evidence/noop-install.log
 create mode 100644 qualification-evidence/noop-inventory.json
 create mode 100644 qualification-evidence/noop-navigation.log
 create mode 100644 qualification-evidence/noop-tests-2.log
 create mode 100644 qualification-evidence/noop-tests-3.log
 create mode 100644 qualification-evidence/noop-tests-4.log
 create mode 100644 qualification-evidence/noop-tests-5.log
 create mode 100644 qualification-evidence/npm-publish-dry-run.log
 create mode 100644 qualification-evidence/npm12-pack-dry-run.json
 create mode 100644 qualification-evidence/observation-native-tests.log
 create mode 100644 qualification-evidence/observation-tests-corrected.log
 create mode 100644 qualification-evidence/observation-unit-tests.log
 create mode 100644 qualification-evidence/od02-build.log
 create mode 100644 qualification-evidence/od02-evidence-1733bc1/README.md
 create mode 100644 qualification-evidence/od02-evidence-1733bc1/confidence-not-receipt.json
 create mode 100644 qualification-evidence/od02-evidence-1733bc1/confidence-schema-result.json
 create mode 100644 qualification-evidence/od02-evidence-1733bc1/documentation-artifact.json
 create mode 100644 qualification-evidence/od02-evidence-1733bc1/evidence.json
 create mode 100644 qualification-evidence/od02-evidence-1733bc1/intact-result.json
 create mode 100644 qualification-evidence/od02-evidence-1733bc1/linux-tests.tap
 create mode 100644 qualification-evidence/od02-evidence-1733bc1/tampered-result.json
 create mode 100644 qualification-evidence/od02-evidence-1733bc1/tampered/CHANGELOG.md
 create mode 100644 qualification-evidence/od02-evidence-1733bc1/tampered/README.md
 create mode 100644 qualification-evidence/od02-evidence-1733bc1/tampered/VERSIONING.md
 create mode 100644 qualification-evidence/od02-evidence-1733bc1/tampered/package.json
 create mode 100644 qualification-evidence/od02-evidence-1733bc1/windows-tests.log
 create mode 100644 qualification-evidence/od02-main-inventory.json
 create mode 100644 qualification-evidence/od02-main-tests.log
 create mode 100644 qualification-evidence/od02-npm-ci.log
 create mode 100644 qualification-evidence/od02-pack-check.log
 create mode 100644 qualification-evidence/od02-tests-first.log
 create mode 100644 qualification-evidence/od02-tests.log
 create mode 100644 qualification-evidence/od02-typecheck.log
 create mode 100644 qualification-evidence/package-test-cancellable-node22.log
 create mode 100644 qualification-evidence/package-test-cancellable-node24.log
 create mode 100644 qualification-evidence/performance-diagnosis.log
 create mode 100644 qualification-evidence/performance-first-failure.json
 create mode 100644 qualification-evidence/performance-first-failure.log
 create mode 100644 qualification-evidence/performance-linux-2345606.json
 create mode 100644 qualification-evidence/performance-linux-6e4e937.json
 create mode 100644 qualification-evidence/performance-linux-ea05531.json
 create mode 100644 qualification-evidence/performance-sample-2345606.mjs
 create mode 100644 qualification-evidence/performance-sample-ea05531.mjs
 create mode 100644 qualification-evidence/performance-timestamp-diagnosis.json
 create mode 100644 qualification-evidence/performance-windows-2345606.json
 create mode 100644 qualification-evidence/performance-windows-2345606.log
 create mode 100644 qualification-evidence/performance-windows-6e4e937.json
 create mode 100644 qualification-evidence/performance-windows-6e4e937.log
 create mode 100644 qualification-evidence/performance-windows-ea05531.json
 create mode 100644 qualification-evidence/performance-windows-ea05531.log
 create mode 100644 qualification-evidence/pointer-gaps-ea05531-linux.json
 create mode 100644 qualification-evidence/pointer-gaps-ea05531-linux.tap
 create mode 100644 qualification-evidence/pointer-gaps-ea05531-windows-1.log
 create mode 100644 qualification-evidence/pointer-gaps-ea05531-windows-1/receipt.json
 create mode 100644 qualification-evidence/pointer-gaps-ea05531-windows-2.log
 create mode 100644 qualification-evidence/pointer-gaps-ea05531-windows-2/receipt.json
 create mode 100644 qualification-evidence/pointer-gaps-ea05531-windows22.log
 create mode 100644 qualification-evidence/pointer-gaps-ea05531-windows22/receipt.json
 create mode 100644 qualification-evidence/pr-body.md
 create mode 100644 qualification-evidence/pr48-body.md
 create mode 100644 qualification-evidence/prepare-documentation-fixtures.mjs
 create mode 100644 qualification-evidence/prepare-documentation-schema.mjs
 create mode 100644 qualification-evidence/prepare-native-read-repair.mjs
 create mode 100644 qualification-evidence/qualify-no-change-gaps.test.mjs
 create mode 100644 qualification-evidence/qualify-pointer-gaps-message-only-v1.mjs
 create mode 100644 qualification-evidence/qualify-pointer-gaps.mjs
 create mode 100644 qualification-evidence/release-issue-44-current.json
 create mode 100644 qualification-evidence/repair-package-test.mjs
 create mode 100644 qualification-evidence/repeated-performance-linux-6e4e937/summary.json
 create mode 100644 qualification-evidence/repeated-performance-linux-6e4e937/trial-00.json
 create mode 100644 qualification-evidence/repeated-performance-linux-6e4e937/trial-01.json
 create mode 100644 qualification-evidence/repeated-performance-linux-6e4e937/trial-02.json
 create mode 100644 qualification-evidence/repeated-performance-linux-6e4e937/trial-03.json
 create mode 100644 qualification-evidence/repeated-performance-linux-6e4e937/trial-04.json
 create mode 100644 qualification-evidence/repeated-performance-linux-6e4e937/trial-05.json
 create mode 100644 qualification-evidence/repeated-performance-linux-6e4e937/trial-06.json
 create mode 100644 qualification-evidence/repeated-performance-linux-6e4e937/trial-07.json
 create mode 100644 qualification-evidence/repeated-performance-linux-6e4e937/trial-08.json
 create mode 100644 qualification-evidence/repeated-performance-linux-6e4e937/trial-09.json
 create mode 100644 qualification-evidence/repeated-performance-linux-6e4e937/trial-10.json
 create mode 100644 qualification-evidence/repeated-performance-linux-6e4e937/trial-11.json
 create mode 100644 qualification-evidence/repeated-performance-linux-6e4e937/trial-12.json
 create mode 100644 qualification-evidence/repeated-performance-linux-6e4e937/trial-13.json
 create mode 100644 qualification-evidence/repeated-performance-linux-6e4e937/trial-14.json
 create mode 100644 qualification-evidence/repeated-performance-linux-6e4e937/trial-15.json
 create mode 100644 qualification-evidence/repeated-performance-linux-6e4e937/trial-16.json
 create mode 100644 qualification-evidence/repeated-performance-linux-6e4e937/trial-17.json
 create mode 100644 qualification-evidence/repeated-performance-linux-6e4e937/trial-18.json
 create mode 100644 qualification-evidence/repeated-performance-linux-6e4e937/trial-19.json
 create mode 100644 qualification-evidence/repeated-performance-windows-6e4e937/summary.json
 create mode 100644 qualification-evidence/repeated-performance-windows-6e4e937/trial-00.json
 create mode 100644 qualification-evidence/repeated-performance-windows-6e4e937/trial-01.json
 create mode 100644 qualification-evidence/repeated-performance-windows-6e4e937/trial-02.json
 create mode 100644 qualification-evidence/repeated-performance-windows-6e4e937/trial-03.json
 create mode 100644 qualification-evidence/repeated-performance-windows-6e4e937/trial-04.json
 create mode 100644 qualification-evidence/repeated-performance-windows-6e4e937/trial-05.json
 create mode 100644 qualification-evidence/repeated-performance-windows-6e4e937/trial-06.json
 create mode 100644 qualification-evidence/repeated-performance-windows-6e4e937/trial-07.json
 create mode 100644 qualification-evidence/repeated-performance-windows-6e4e937/trial-08.json
 create mode 100644 qualification-evidence/repeated-performance-windows-6e4e937/trial-09.json
 create mode 100644 qualification-evidence/repeated-performance-windows-6e4e937/trial-10.json
 create mode 100644 qualification-evidence/repeated-performance-windows-6e4e937/trial-11.json
 create mode 100644 qualification-evidence/repeated-performance-windows-6e4e937/trial-12.json
 create mode 100644 qualification-evidence/repeated-performance-windows-6e4e937/trial-13.json
 create mode 100644 qualification-evidence/repeated-performance-windows-6e4e937/trial-14.json
 create mode 100644 qualification-evidence/repeated-performance-windows-6e4e937/trial-15.json
 create mode 100644 qualification-evidence/repeated-performance-windows-6e4e937/trial-16.json
 create mode 100644 qualification-evidence/repeated-performance-windows-6e4e937/trial-17.json
 create mode 100644 qualification-evidence/repeated-performance-windows-6e4e937/trial-18.json
 create mode 100644 qualification-evidence/repeated-performance-windows-6e4e937/trial-19.json
 create mode 100644 qualification-evidence/repeated-performance-windows.log
 create mode 100644 qualification-evidence/reseal-inventory.mjs
 create mode 100644 qualification-evidence/reseal-native-read.mjs
 create mode 100644 qualification-evidence/reseal-od02.mjs
 create mode 100644 qualification-evidence/run-release-gates.mjs
 create mode 100644 qualification-evidence/runtime-6e4e937-failure.log
 create mode 100644 qualification-evidence/runtime-aa2e10d-status.json
 create mode 100644 qualification-evidence/runtime-aa2e10d-verified.json
 create mode 100644 qualification-evidence/runtime-ea05531-verified.json
 create mode 100644 qualification-evidence/runtime-f7d80e6-failure.log
 create mode 100644 qualification-evidence/scan-fix-build.log
 create mode 100644 qualification-evidence/scan-fix-inventory.json
 create mode 100644 qualification-evidence/secure-read-concurrency-diagnostic.mjs
 create mode 100644 qualification-evidence/secure-read-concurrency-ea05531-1/receipt.json
 create mode 100644 qualification-evidence/secure-read-implementation-diagnostic.mjs
 create mode 100644 qualification-evidence/secure-read-implementation-ea05531-1/receipt.json
 create mode 100644 qualification-evidence/service-stdio-package-f7-original.test.mjs
 create mode 100644 qualification-evidence/soak-aa2e10d-windows-pilot-1/checkpoint.json
 create mode 100644 qualification-evidence/soak-aa2e10d-windows-pilot-1/cycles/00001.json
 create mode 100644 qualification-evidence/soak-aa2e10d-windows-pilot-1/failure-0.json
 create mode 100644 qualification-evidence/soak-aa2e10d-windows-pilot-1/plan.json
 create mode 100644 qualification-evidence/soak-aa2e10d-windows-pilot-1/summary.json
 create mode 100644 qualification-evidence/soak-aa2e10d-windows-pilot-1/worker-0.log
 create mode 100644 qualification-evidence/soak-aa2e10d-windows-pilot-2/checkpoint.json
 create mode 100644 qualification-evidence/soak-aa2e10d-windows-pilot-2/cycles/00001.json
 create mode 100644 qualification-evidence/soak-aa2e10d-windows-pilot-2/failure-0.json
 create mode 100644 qualification-evidence/soak-aa2e10d-windows-pilot-2/graph-convergence-diagnostic.json
 create mode 100644 qualification-evidence/soak-aa2e10d-windows-pilot-2/plan.json
 create mode 100644 qualification-evidence/soak-aa2e10d-windows-pilot-2/summary.json
 create mode 100644 qualification-evidence/soak-aa2e10d-windows-pilot-2/worker-0.log
 create mode 100644 qualification-evidence/soak-ea05531-linux-pilot-2-summary.json
 create mode 100644 qualification-evidence/soak-ea05531-windows-24h-1/checkpoint.json
 create mode 100644 qualification-evidence/soak-ea05531-windows-24h-1/cycles/00001.json
 create mode 100644 qualification-evidence/soak-ea05531-windows-24h-1/cycles/00002.json
 create mode 100644 qualification-evidence/soak-ea05531-windows-24h-1/cycles/00003.json
 create mode 100644 qualification-evidence/soak-ea05531-windows-24h-1/cycles/00004.json
 create mode 100644 qualification-evidence/soak-ea05531-windows-24h-1/cycles/00005.json
 create mode 100644 qualification-evidence/soak-ea05531-windows-24h-1/cycles/00006.json
 create mode 100644 qualification-evidence/soak-ea05531-windows-24h-1/cycles/00007.json
 create mode 100644 qualification-evidence/soak-ea05531-windows-24h-1/cycles/00008.json
 create mode 100644 qualification-evidence/soak-ea05531-windows-24h-1/cycles/00009.json
 create mode 100644 qualification-evidence/soak-ea05531-windows-24h-1/cycles/00010.json
 create mode 100644 qualification-evidence/soak-ea05531-windows-24h-1/cycles/00011.json
 create mode 100644 qualification-evidence/soak-ea05531-windows-24h-1/cycles/00012.json
 create mode 100644 qualification-evidence/soak-ea05531-windows-24h-1/cycles/00013.json
 create mode 100644 qualification-evidence/soak-ea05531-windows-24h-1/cycles/00014.json
 create mode 100644 qualification-evidence/soak-ea05531-windows-24h-1/failure-0.json
 create mode 100644 qualification-evidence/soak-ea05531-windows-24h-1/plan.json
 create mode 100644 qualification-evidence/soak-ea05531-windows-24h-1/summary.json
 create mode 100644 qualification-evidence/soak-ea05531-windows-24h-1/worker-0.log
 create mode 100644 qualification-evidence/soak-ea05531-windows-pilot-1/failure-0.json
 create mode 100644 qualification-evidence/soak-ea05531-windows-pilot-1/plan.json
 create mode 100644 qualification-evidence/soak-ea05531-windows-pilot-1/summary.json
 create mode 100644 qualification-evidence/soak-ea05531-windows-pilot-1/worker-0.log
 create mode 100644 qualification-evidence/soak-ea05531-windows-pilot-2/checkpoint.json
 create mode 100644 qualification-evidence/soak-ea05531-windows-pilot-2/cycles/00001.json
 create mode 100644 qualification-evidence/soak-ea05531-windows-pilot-2/cycles/00002.json
 create mode 100644 qualification-evidence/soak-ea05531-windows-pilot-2/cycles/00003.json
 create mode 100644 qualification-evidence/soak-ea05531-windows-pilot-2/cycles/00004.json
 create mode 100644 qualification-evidence/soak-ea05531-windows-pilot-2/cycles/00005.json
 create mode 100644 qualification-evidence/soak-ea05531-windows-pilot-2/cycles/00006.json
 create mode 100644 qualification-evidence/soak-ea05531-windows-pilot-2/cycles/00007.json
 create mode 100644 qualification-evidence/soak-ea05531-windows-pilot-2/cycles/00008.json
 create mode 100644 qualification-evidence/soak-ea05531-windows-pilot-2/cycles/00009.json
 create mode 100644 qualification-evidence/soak-ea05531-windows-pilot-2/cycles/00010.json
 create mode 100644 qualification-evidence/soak-ea05531-windows-pilot-2/cycles/00011.json
 create mode 100644 qualification-evidence/soak-ea05531-windows-pilot-2/cycles/00012.json
 create mode 100644 qualification-evidence/soak-ea05531-windows-pilot-2/plan.json
 create mode 100644 qualification-evidence/soak-ea05531-windows-pilot-2/summary.json
 create mode 100644 qualification-evidence/soak-ea05531-windows-pilot-2/worker-0.log
 create mode 100644 qualification-evidence/soak-ea05531-windows-pilot-2/worker-1.log
 create mode 100644 qualification-evidence/soak-ea05531-windows-pilot-2/worker-2.log
 create mode 100644 qualification-evidence/soak-ea05531-windows-pilot-2/worker-3.log
 create mode 100644 qualification-evidence/soak-ea05531-windows-pilot-v2-1/checkpoint.json
 create mode 100644 qualification-evidence/soak-ea05531-windows-pilot-v2-1/cycles/00001.json
 create mode 100644 qualification-evidence/soak-ea05531-windows-pilot-v2-1/cycles/00002.json
 create mode 100644 qualification-evidence/soak-ea05531-windows-pilot-v2-1/cycles/00003.json
 create mode 100644 qualification-evidence/soak-ea05531-windows-pilot-v2-1/cycles/00004.json
 create mode 100644 qualification-evidence/soak-ea05531-windows-pilot-v2-1/cycles/00005.json
 create mode 100644 qualification-evidence/soak-ea05531-windows-pilot-v2-1/cycles/00006.json
 create mode 100644 qualification-evidence/soak-ea05531-windows-pilot-v2-1/cycles/00007.json
 create mode 100644 qualification-evidence/soak-ea05531-windows-pilot-v2-1/cycles/00008.json
 create mode 100644 qualification-evidence/soak-ea05531-windows-pilot-v2-1/failure-2.json
 create mode 100644 qualification-evidence/soak-ea05531-windows-pilot-v2-1/plan.json
 create mode 100644 qualification-evidence/soak-ea05531-windows-pilot-v2-1/summary.json
 create mode 100644 qualification-evidence/soak-ea05531-windows-pilot-v2-1/worker-0.log
 create mode 100644 qualification-evidence/soak-ea05531-windows-pilot-v2-1/worker-1.log
 create mode 100644 qualification-evidence/soak-ea05531-windows-pilot-v2-1/worker-2.log
 create mode 100644 qualification-evidence/soak-ea05531-windows-pilot-v2-50/checkpoint.json
 create mode 100644 qualification-evidence/soak-ea05531-windows-pilot-v2-50/cycles/00001.json
 create mode 100644 qualification-evidence/soak-ea05531-windows-pilot-v2-50/cycles/00002.json
 create mode 100644 qualification-evidence/soak-ea05531-windows-pilot-v2-50/cycles/00003.json
 create mode 100644 qualification-evidence/soak-ea05531-windows-pilot-v2-50/cycles/00004.json
 create mode 100644 qualification-evidence/soak-ea05531-windows-pilot-v2-50/cycles/00005.json
 create mode 100644 qualification-evidence/soak-ea05531-windows-pilot-v2-50/cycles/00006.json
 create mode 100644 qualification-evidence/soak-ea05531-windows-pilot-v2-50/cycles/00007.json
 create mode 100644 qualification-evidence/soak-ea05531-windows-pilot-v2-50/failure-2.json
 create mode 100644 qualification-evidence/soak-ea05531-windows-pilot-v2-50/plan.json
 create mode 100644 qualification-evidence/soak-ea05531-windows-pilot-v2-50/query-samples-00001.json
 create mode 100644 qualification-evidence/soak-ea05531-windows-pilot-v2-50/query-samples-00002.json
 create mode 100644 qualification-evidence/soak-ea05531-windows-pilot-v2-50/query-samples-00003.json
 create mode 100644 qualification-evidence/soak-ea05531-windows-pilot-v2-50/query-samples-00004.json
 create mode 100644 qualification-evidence/soak-ea05531-windows-pilot-v2-50/query-samples-00005.json
 create mode 100644 qualification-evidence/soak-ea05531-windows-pilot-v2-50/query-samples-00006.json
 create mode 100644 qualification-evidence/soak-ea05531-windows-pilot-v2-50/query-samples-00007.json
 create mode 100644 qualification-evidence/soak-ea05531-windows-pilot-v2-50/query-samples-00008.json
 create mode 100644 qualification-evidence/soak-ea05531-windows-pilot-v2-50/summary.json
 create mode 100644 qualification-evidence/soak-ea05531-windows-pilot-v2-50/worker-0.log
 create mode 100644 qualification-evidence/soak-ea05531-windows-pilot-v2-50/worker-1.log
 create mode 100644 qualification-evidence/soak-ea05531-windows-pilot-v2-50/worker-2.log
 create mode 100644 qualification-evidence/soak-ea05531-windows-profile-1/checkpoint.json
 create mode 100644 qualification-evidence/soak-ea05531-windows-profile-1/cycles/00001.json
 create mode 100644 qualification-evidence/soak-ea05531-windows-profile-1/cycles/00002.json
 create mode 100644 qualification-evidence/soak-ea05531-windows-profile-1/cycles/00003.json
 create mode 100644 qualification-evidence/soak-ea05531-windows-profile-1/cycles/00004.json
 create mode 100644 qualification-evidence/soak-ea05531-windows-profile-1/cycles/00005.json
 create mode 100644 qualification-evidence/soak-ea05531-windows-profile-1/cycles/00006.json
 create mode 100644 qualification-evidence/soak-ea05531-windows-profile-1/cycles/00007.json
 create mode 100644 qualification-evidence/soak-ea05531-windows-profile-1/cycles/00008.json
 create mode 100644 qualification-evidence/soak-ea05531-windows-profile-1/cycles/00009.json
 create mode 100644 qualification-evidence/soak-ea05531-windows-profile-1/cycles/00010.json
 create mode 100644 qualification-evidence/soak-ea05531-windows-profile-1/cycles/00011.json
 create mode 100644 qualification-evidence/soak-ea05531-windows-profile-1/plan.json
 create mode 100644 qualification-evidence/soak-ea05531-windows-profile-1/query-samples-00001.json
 create mode 100644 qualification-evidence/soak-ea05531-windows-profile-1/query-samples-00002.json
 create mode 100644 qualification-evidence/soak-ea05531-windows-profile-1/query-samples-00003.json
 create mode 100644 qualification-evidence/soak-ea05531-windows-profile-1/query-samples-00004.json
 create mode 100644 qualification-evidence/soak-ea05531-windows-profile-1/query-samples-00005.json
 create mode 100644 qualification-evidence/soak-ea05531-windows-profile-1/query-samples-00006.json
 create mode 100644 qualification-evidence/soak-ea05531-windows-profile-1/query-samples-00007.json
 create mode 100644 qualification-evidence/soak-ea05531-windows-profile-1/query-samples-00008.json
 create mode 100644 qualification-evidence/soak-ea05531-windows-profile-1/query-samples-00009.json
 create mode 100644 qualification-evidence/soak-ea05531-windows-profile-1/query-samples-00010.json
 create mode 100644 qualification-evidence/soak-ea05531-windows-profile-1/query-samples-00011.json
 create mode 100644 qualification-evidence/soak-ea05531-windows-profile-1/summary.json
 create mode 100644 qualification-evidence/soak-ea05531-windows-profile-1/worker-0.log
 create mode 100644 qualification-evidence/soak-ea05531-windows-profile-1/worker-1.log
 create mode 100644 qualification-evidence/soak-ea05531-windows-profile-1/worker-2.log
 create mode 100644 qualification-evidence/soak-ea05531-windows-profile-1/worker-3.log
 create mode 100644 qualification-evidence/soak-ea05531-windows-profile-10m-1/checkpoint.json
 create mode 100644 qualification-evidence/soak-ea05531-windows-profile-10m-1/cycles/00001.json
 create mode 100644 qualification-evidence/soak-ea05531-windows-profile-10m-1/cycles/00002.json
 create mode 100644 qualification-evidence/soak-ea05531-windows-profile-10m-1/cycles/00003.json
 create mode 100644 qualification-evidence/soak-ea05531-windows-profile-10m-1/cycles/00004.json
 create mode 100644 qualification-evidence/soak-ea05531-windows-profile-10m-1/cycles/00005.json
 create mode 100644 qualification-evidence/soak-ea05531-windows-profile-10m-1/cycles/00006.json
 create mode 100644 qualification-evidence/soak-ea05531-windows-profile-10m-1/cycles/00007.json
 create mode 100644 qualification-evidence/soak-ea05531-windows-profile-10m-1/cycles/00008.json
 create mode 100644 qualification-evidence/soak-ea05531-windows-profile-10m-1/cycles/00009.json
 create mode 100644 qualification-evidence/soak-ea05531-windows-profile-10m-1/cycles/00010.json
 create mode 100644 qualification-evidence/soak-ea05531-windows-profile-10m-1/cycles/00011.json
 create mode 100644 qualification-evidence/soak-ea05531-windows-profile-10m-1/cycles/00012.json
 create mode 100644 qualification-evidence/soak-ea05531-windows-profile-10m-1/cycles/00013.json
 create mode 100644 qualification-evidence/soak-ea05531-windows-profile-10m-1/cycles/00014.json
 create mode 100644 qualification-evidence/soak-ea05531-windows-profile-10m-1/cycles/00015.json
 create mode 100644 qualification-evidence/soak-ea05531-windows-profile-10m-1/cycles/00016.json
 create mode 100644 qualification-evidence/soak-ea05531-windows-profile-10m-1/cycles/00017.json
 create mode 100644 qualification-evidence/soak-ea05531-windows-profile-10m-1/cycles/00018.json
 create mode 100644 qualification-evidence/soak-ea05531-windows-profile-10m-1/cycles/00019.json
 create mode 100644 qualification-evidence/soak-ea05531-windows-profile-10m-1/cycles/00020.json
 create mode 100644 qualification-evidence/soak-ea05531-windows-profile-10m-1/plan.json
 create mode 100644 qualification-evidence/soak-ea05531-windows-profile-10m-1/query-samples-00001.json
 create mode 100644 qualification-evidence/soak-ea05531-windows-profile-10m-1/query-samples-00002.json
 create mode 100644 qualification-evidence/soak-ea05531-windows-profile-10m-1/query-samples-00003.json
 create mode 100644 qualification-evidence/soak-ea05531-windows-profile-10m-1/query-samples-00004.json
 create mode 100644 qualification-evidence/soak-ea05531-windows-profile-10m-1/query-samples-00005.json
 create mode 100644 qualification-evidence/soak-ea05531-windows-profile-10m-1/query-samples-00006.json
 create mode 100644 qualification-evidence/soak-ea05531-windows-profile-10m-1/query-samples-00007.json
 create mode 100644 qualification-evidence/soak-ea05531-windows-profile-10m-1/query-samples-00008.json
 create mode 100644 qualification-evidence/soak-ea05531-windows-profile-10m-1/query-samples-00009.json
 create mode 100644 qualification-evidence/soak-ea05531-windows-profile-10m-1/query-samples-00010.json
 create mode 100644 qualification-evidence/soak-ea05531-windows-profile-10m-1/query-samples-00011.json
 create mode 100644 qualification-evidence/soak-ea05531-windows-profile-10m-1/query-samples-00012.json
 create mode 100644 qualification-evidence/soak-ea05531-windows-profile-10m-1/query-samples-00013.json
 create mode 100644 qualification-evidence/soak-ea05531-windows-profile-10m-1/query-samples-00014.json
 create mode 100644 qualification-evidence/soak-ea05531-windows-profile-10m-1/query-samples-00015.json
 create mode 100644 qualification-evidence/soak-ea05531-windows-profile-10m-1/query-samples-00016.json
 create mode 100644 qualification-evidence/soak-ea05531-windows-profile-10m-1/query-samples-00017.json
 create mode 100644 qualification-evidence/soak-ea05531-windows-profile-10m-1/query-samples-00018.json
 create mode 100644 qualification-evidence/soak-ea05531-windows-profile-10m-1/query-samples-00019.json
 create mode 100644 qualification-evidence/soak-ea05531-windows-profile-10m-1/query-samples-00020.json
 create mode 100644 qualification-evidence/soak-ea05531-windows-profile-10m-1/summary.json
 create mode 100644 qualification-evidence/soak-ea05531-windows-profile-10m-1/worker-0.log
 create mode 100644 qualification-evidence/soak-ea05531-windows-profile-10m-1/worker-1.log
 create mode 100644 qualification-evidence/soak-ea05531-windows-profile-10m-1/worker-2.log
 create mode 100644 qualification-evidence/soak-ea05531-windows-profile-10m-1/worker-3.log
 create mode 100644 qualification-evidence/soak-failure-ranking-diagnostic.json
 create mode 100644 qualification-evidence/soak-latency-diagnosis-ea05531.json
 create mode 100644 qualification-evidence/soak-pilot-ea05531-linux-2.json
 create mode 100644 qualification-evidence/soak-pilot-ea05531-linux-v2-50.json
 create mode 100644 qualification-evidence/soak-pilot-ea05531-linux-v2.json
 create mode 100644 qualification-evidence/soak-pilot-ea05531-linux.json
 create mode 100644 qualification-evidence/soak-pilot-ea05531-windows-2.json
 create mode 100644 qualification-evidence/soak-pilot-ea05531-windows-v2-50.json
 create mode 100644 qualification-evidence/soak-pilot-ea05531-windows-v2.json
 create mode 100644 qualification-evidence/soak-pilot-ea05531-windows.json
 create mode 100644 qualification-evidence/soak-pilot-graph-differences.json
 create mode 100644 qualification-evidence/soak-pilot-windows-2.json
 create mode 100644 qualification-evidence/soak-pilot-windows.json
 create mode 100644 qualification-evidence/soak-profile-windows-10m.json
 create mode 100644 qualification-evidence/soak-profile-windows.json
 create mode 100644 qualification-evidence/soak-qualification-ea05531-linux-2.json
 create mode 100644 qualification-evidence/soak-qualification-ea05531-linux.json
 create mode 100644 qualification-evidence/soak-qualification-ea05531-windows.json
 create mode 100644 qualification-evidence/soak-windows-host.json
 create mode 100644 qualification-evidence/starting-issues.json
 create mode 100644 qualification-evidence/starting-npm.json
 create mode 100644 qualification-evidence/starting-prs.json
 create mode 100644 qualification-evidence/starting-refs.txt
 create mode 100644 qualification-evidence/starting-releases.txt
 create mode 100644 qualification-evidence/starting-runs.json
 create mode 100644 qualification-evidence/verify-installed-content.mjs
 create mode 100644 qualification-evidence/watcher-host-diagnostic.mjs
 create mode 100644 qualification-evidence/windows-scan-remediation.json
 create mode 100644 qualification-evidence/windows22-large-restart-local.log
 create mode 100644 qualification-evidence/windows22-large-restart-phases.log
 create mode 100644 qualification-evidence/windows22-no-change-gaps.tap
 create mode 100644 qualification-evidence/windows22-scan-fix-bound.log
 create mode 100644 qualification-evidence/windows22-scan-fix-focused.log
 create mode 100644 qualification-evidence/windows22-scan-fix-regressions.log
