Refreshing checks status every 60 seconds. Press Ctrl+C to quit.

current-2-2	pass	56s	https://github.com/Odenknight/GKOS-Engine/actions/runs/34301637137/job/102309584037	
historical-contract-replay (macos-14, 22)	pass	1m42s	https://github.com/Odenknight/GKOS-Engine/actions/runs/34301633568/job/102309574243	
historical-contract-replay (macos-14, 22)	pass	1m31s	https://github.com/Odenknight/GKOS-Engine/actions/runs/34301637172/job/102309584691	
historical-contract-replay (macos-14, 23)	pass	1m48s	https://github.com/Odenknight/GKOS-Engine/actions/runs/34301633568/job/102309573666	
historical-contract-replay (macos-14, 23)	pass	1m35s	https://github.com/Odenknight/GKOS-Engine/actions/runs/34301637172/job/102309584685	
historical-contract-replay (macos-14, 24)	pass	1m26s	https://github.com/Odenknight/GKOS-Engine/actions/runs/34301633568/job/102309573845	
historical-contract-replay (macos-14, 24)	pass	1m53s	https://github.com/Odenknight/GKOS-Engine/actions/runs/34301637172/job/102309584696	
historical-contract-replay (ubuntu-24.04, 22)	pass	1m52s	https://github.com/Odenknight/GKOS-Engine/actions/runs/34301633568/job/102309573961	
historical-contract-replay (ubuntu-24.04, 22)	pass	1m57s	https://github.com/Odenknight/GKOS-Engine/actions/runs/34301637172/job/102309584683	
historical-contract-replay (ubuntu-24.04, 23)	pass	1m50s	https://github.com/Odenknight/GKOS-Engine/actions/runs/34301633568/job/102309573857	
historical-contract-replay (ubuntu-24.04, 23)	pass	1m47s	https://github.com/Odenknight/GKOS-Engine/actions/runs/34301637172/job/102309584678	
historical-contract-replay (ubuntu-24.04, 24)	pass	1m36s	https://github.com/Odenknight/GKOS-Engine/actions/runs/34301633568/job/102309573936	
historical-contract-replay (ubuntu-24.04, 24)	pass	1m42s	https://github.com/Odenknight/GKOS-Engine/actions/runs/34301637172/job/102309584725	
historical-contract-replay (windows-latest, 22)	pass	3m1s	https://github.com/Odenknight/GKOS-Engine/actions/runs/34301633568/job/102309573984	
historical-contract-replay (windows-latest, 22)	pass	3m7s	https://github.com/Odenknight/GKOS-Engine/actions/runs/34301637172/job/102309584521	
historical-contract-replay (windows-latest, 23)	pass	2m58s	https://github.com/Odenknight/GKOS-Engine/actions/runs/34301633568/job/102309573874	
historical-contract-replay (windows-latest, 23)	pass	2m57s	https://github.com/Odenknight/GKOS-Engine/actions/runs/34301637172/job/102309584612	
historical-contract-replay (windows-latest, 24)	pass	2m53s	https://github.com/Odenknight/GKOS-Engine/actions/runs/34301633568/job/102309573905	
historical-contract-replay (windows-latest, 24)	pass	2m35s	https://github.com/Odenknight/GKOS-Engine/actions/runs/34301637172/job/102309584690	
native-no-change (ubuntu-24.04, 22)	pass	24s	https://github.com/Odenknight/GKOS-Engine/actions/runs/34301637127/job/102309584153	
native-no-change (ubuntu-24.04, 24)	pass	22s	https://github.com/Odenknight/GKOS-Engine/actions/runs/34301637127/job/102309584036	
native-no-change (windows-latest, 22)	pass	1m15s	https://github.com/Odenknight/GKOS-Engine/actions/runs/34301637127/job/102309584195	
native-no-change (windows-latest, 24)	pass	1m1s	https://github.com/Odenknight/GKOS-Engine/actions/runs/34301637127/job/102309584339	
phase5-watcher-linux (22)	pass	3m10s	https://github.com/Odenknight/GKOS-Engine/actions/runs/34301633576/job/102309574072	
phase5-watcher-linux (22)	pass	2m21s	https://github.com/Odenknight/GKOS-Engine/actions/runs/34301637353/job/102309585360	
phase5-watcher-linux (24)	pass	2m34s	https://github.com/Odenknight/GKOS-Engine/actions/runs/34301633576/job/102309573762	
phase5-watcher-linux (24)	pass	3m4s	https://github.com/Odenknight/GKOS-Engine/actions/runs/34301637353/job/102309585331	
phase5-watcher-linux (26)	pass	3m3s	https://github.com/Odenknight/GKOS-Engine/actions/runs/34301633576/job/102309573913	
phase5-watcher-linux (26)	pass	3m1s	https://github.com/Odenknight/GKOS-Engine/actions/runs/34301637353/job/102309585479	
current-runtime (ubuntu-24.04, 22)	pending	0	https://github.com/Odenknight/GKOS-Engine/actions/runs/34301633568/job/102310625220	
build (26)	pending	0	https://github.com/Odenknight/GKOS-Engine/actions/runs/34301637353/job/102309585326	
windows-retrieval-path-security (24)	pass	1m8s	https://github.com/Odenknight/GKOS-Engine/actions/runs/34301637353/job/102309585298	
build (24)	pending	0	https://github.com/Odenknight/GKOS-Engine/actions/runs/34301633576/job/102309573945	
build (26)	pending	0	https://github.com/Odenknight/GKOS-Engine/actions/runs/34301633576/job/102309574037	
phase4-retrieval-observation-manual	skipping	0	https://github.com/Odenknight/GKOS-Engine/actions/runs/34301633576/job/102309574465	
build (22)	pending	0	https://github.com/Odenknight/GKOS-Engine/actions/runs/34301637353/job/102309585247	
phase4-retrieval-observation-manual	skipping	0	https://github.com/Odenknight/GKOS-Engine/actions/runs/34301637353/job/102309585880	
windows-retrieval-path-security (22)	pass	1m10s	https://github.com/Odenknight/GKOS-Engine/actions/runs/34301633576/job/102309574189	
build (24)	pending	0	https://github.com/Odenknight/GKOS-Engine/actions/runs/34301637353/job/102309585327	
windows-retrieval-path-security (26)	pass	1m12s	https://github.com/Odenknight/GKOS-Engine/actions/runs/34301633576/job/102309573962	
build (22)	pending	0	https://github.com/Odenknight/GKOS-Engine/actions/runs/34301633576/job/102309573917	
windows-retrieval-path-security (24)	pass	1m46s	https://github.com/Odenknight/GKOS-Engine/actions/runs/34301633576/job/102309574039	
windows-retrieval-path-security (22)	pass	1m56s	https://github.com/Odenknight/GKOS-Engine/actions/runs/34301637353/job/102309585357	
windows-retrieval-path-security (26)	pass	57s	https://github.com/Odenknight/GKOS-Engine/actions/runs/34301637353/job/102309585106	
current-runtime (windows-latest, 22)	pending	0	https://github.com/Odenknight/GKOS-Engine/actions/runs/34301637172/job/102310880584	
current-runtime (ubuntu-24.04, 22)	pending	0	https://github.com/Odenknight/GKOS-Engine/actions/runs/34301637172/job/102310880693	
current-runtime (ubuntu-24.04, 26)	pending	0	https://github.com/Odenknight/GKOS-Engine/actions/runs/34301637172/job/102310880716	
current-runtime (windows-latest, 22)	pending	0	https://github.com/Odenknight/GKOS-Engine/actions/runs/34301633568/job/102310625217	
current-runtime (ubuntu-24.04, 24)	pending	0	https://github.com/Odenknight/GKOS-Engine/actions/runs/34301633568/job/102310625262	
current-runtime (ubuntu-24.04, 24)	pending	0	https://github.com/Odenknight/GKOS-Engine/actions/runs/34301637172/job/102310880645	
current-runtime (ubuntu-24.04, 26)	pending	0	https://github.com/Odenknight/GKOS-Engine/actions/runs/34301633568/job/102310625336	
current-runtime (windows-latest, 24)	pending	0	https://github.com/Odenknight/GKOS-Engine/actions/runs/34301633568/job/102310625231	
current-runtime (windows-latest, 24)	pending	0	https://github.com/Odenknight/GKOS-Engine/actions/runs/34301637172/job/102310880753	
current-runtime (windows-latest, 26)	pending	0	https://github.com/Odenknight/GKOS-Engine/actions/runs/34301633568/job/102310625203	
current-runtime (windows-latest, 26)	pending	0	https://github.com/Odenknight/GKOS-Engine/actions/runs/34301637172/job/102310880650	
phase5-watcher-windows (22)	pending	0	https://github.com/Odenknight/GKOS-Engine/actions/runs/34301633576/job/102309573970	
phase5-watcher-windows (22)	pending	0	https://github.com/Odenknight/GKOS-Engine/actions/runs/34301637353/job/102309585317	
phase5-watcher-windows (24)	pending	0	https://github.com/Odenknight/GKOS-Engine/actions/runs/34301633576/job/102309573966	
phase5-watcher-windows (24)	pending	0	https://github.com/Odenknight/GKOS-Engine/actions/runs/34301637353/job/102309585271	
phase5-watcher-windows (26)	pending	0	https://github.com/Odenknight/GKOS-Engine/actions/runs/34301633576/job/102309573956	
phase5-watcher-windows (26)	pending	0	https://github.com/Odenknight/GKOS-Engine/actions/runs/34301637353/job/102309585328	
Refreshing checks status every 60 seconds. Press Ctrl+C to quit.

current-2-2	pass	56s	https://github.com/Odenknight/GKOS-Engine/actions/runs/34301637137/job/102309584037	
historical-contract-replay (macos-14, 22)	pass	1m42s	https://github.com/Odenknight/GKOS-Engine/actions/runs/34301633568/job/102309574243	
historical-contract-replay (macos-14, 22)	pass	1m31s	https://github.com/Odenknight/GKOS-Engine/actions/runs/34301637172/job/102309584691	
historical-contract-replay (macos-14, 23)	pass	1m48s	https://github.com/Odenknight/GKOS-Engine/actions/runs/34301633568/job/102309573666	
historical-contract-replay (macos-14, 23)	pass	1m35s	https://github.com/Odenknight/GKOS-Engine/actions/runs/34301637172/job/102309584685	
historical-contract-replay (macos-14, 24)	pass	1m26s	https://github.com/Odenknight/GKOS-Engine/actions/runs/34301633568/job/102309573845	
historical-contract-replay (macos-14, 24)	pass	1m53s	https://github.com/Odenknight/GKOS-Engine/actions/runs/34301637172/job/102309584696	
historical-contract-replay (ubuntu-24.04, 22)	pass	1m52s	https://github.com/Odenknight/GKOS-Engine/actions/runs/34301633568/job/102309573961	
historical-contract-replay (ubuntu-24.04, 22)	pass	1m57s	https://github.com/Odenknight/GKOS-Engine/actions/runs/34301637172/job/102309584683	
historical-contract-replay (ubuntu-24.04, 23)	pass	1m50s	https://github.com/Odenknight/GKOS-Engine/actions/runs/34301633568/job/102309573857	
historical-contract-replay (ubuntu-24.04, 23)	pass	1m47s	https://github.com/Odenknight/GKOS-Engine/actions/runs/34301637172/job/102309584678	
historical-contract-replay (ubuntu-24.04, 24)	pass	1m36s	https://github.com/Odenknight/GKOS-Engine/actions/runs/34301633568/job/102309573936	
historical-contract-replay (ubuntu-24.04, 24)	pass	1m42s	https://github.com/Odenknight/GKOS-Engine/actions/runs/34301637172/job/102309584725	
historical-contract-replay (windows-latest, 22)	pass	3m1s	https://github.com/Odenknight/GKOS-Engine/actions/runs/34301633568/job/102309573984	
historical-contract-replay (windows-latest, 22)	pass	3m7s	https://github.com/Odenknight/GKOS-Engine/actions/runs/34301637172/job/102309584521	
historical-contract-replay (windows-latest, 23)	pass	2m58s	https://github.com/Odenknight/GKOS-Engine/actions/runs/34301633568/job/102309573874	
historical-contract-replay (windows-latest, 23)	pass	2m57s	https://github.com/Odenknight/GKOS-Engine/actions/runs/34301637172/job/102309584612	
historical-contract-replay (windows-latest, 24)	pass	2m53s	https://github.com/Odenknight/GKOS-Engine/actions/runs/34301633568/job/102309573905	
historical-contract-replay (windows-latest, 24)	pass	2m35s	https://github.com/Odenknight/GKOS-Engine/actions/runs/34301637172/job/102309584690	
native-no-change (ubuntu-24.04, 22)	pass	24s	https://github.com/Odenknight/GKOS-Engine/actions/runs/34301637127/job/102309584153	
native-no-change (ubuntu-24.04, 24)	pass	22s	https://github.com/Odenknight/GKOS-Engine/actions/runs/34301637127/job/102309584036	
native-no-change (windows-latest, 22)	pass	1m15s	https://github.com/Odenknight/GKOS-Engine/actions/runs/34301637127/job/102309584195	
native-no-change (windows-latest, 24)	pass	1m1s	https://github.com/Odenknight/GKOS-Engine/actions/runs/34301637127/job/102309584339	
phase5-watcher-linux (22)	pass	3m10s	https://github.com/Odenknight/GKOS-Engine/actions/runs/34301633576/job/102309574072	
phase5-watcher-linux (22)	pass	2m21s	https://github.com/Odenknight/GKOS-Engine/actions/runs/34301637353/job/102309585360	
phase5-watcher-linux (24)	pass	2m34s	https://github.com/Odenknight/GKOS-Engine/actions/runs/34301633576/job/102309573762	
phase5-watcher-linux (24)	pass	3m4s	https://github.com/Odenknight/GKOS-Engine/actions/runs/34301637353/job/102309585331	
phase5-watcher-linux (26)	pass	3m3s	https://github.com/Odenknight/GKOS-Engine/actions/runs/34301633576/job/102309573913	
phase5-watcher-linux (26)	pass	3m1s	https://github.com/Odenknight/GKOS-Engine/actions/runs/34301637353/job/102309585479	
current-runtime (ubuntu-24.04, 22)	pending	0	https://github.com/Odenknight/GKOS-Engine/actions/runs/34301633568/job/102310625220	
build (26)	pending	0	https://github.com/Odenknight/GKOS-Engine/actions/runs/34301637353/job/102309585326	
windows-retrieval-path-security (24)	pass	1m8s	https://github.com/Odenknight/GKOS-Engine/actions/runs/34301637353/job/102309585298	
build (24)	pending	0	https://github.com/Odenknight/GKOS-Engine/actions/runs/34301633576/job/102309573945	
build (26)	pending	0	https://github.com/Odenknight/GKOS-Engine/actions/runs/34301633576/job/102309574037	
phase4-retrieval-observation-manual	skipping	0	https://github.com/Odenknight/GKOS-Engine/actions/runs/34301633576/job/102309574465	
build (22)	pending	0	https://github.com/Odenknight/GKOS-Engine/actions/runs/34301637353/job/102309585247	
phase4-retrieval-observation-manual	skipping	0	https://github.com/Odenknight/GKOS-Engine/actions/runs/34301637353/job/102309585880	
windows-retrieval-path-security (22)	pass	1m10s	https://github.com/Odenknight/GKOS-Engine/actions/runs/34301633576/job/102309574189	
build (24)	pending	0	https://github.com/Odenknight/GKOS-Engine/actions/runs/34301637353/job/102309585327	
windows-retrieval-path-security (26)	pass	1m12s	https://github.com/Odenknight/GKOS-Engine/actions/runs/34301633576/job/102309573962	
build (22)	pending	0	https://github.com/Odenknight/GKOS-Engine/actions/runs/34301633576/job/102309573917	
windows-retrieval-path-security (24)	pass	1m46s	https://github.com/Odenknight/GKOS-Engine/actions/runs/34301633576/job/102309574039	
windows-retrieval-path-security (22)	pass	1m56s	https://github.com/Odenknight/GKOS-Engine/actions/runs/34301637353/job/102309585357	
windows-retrieval-path-security (26)	pass	57s	https://github.com/Odenknight/GKOS-Engine/actions/runs/34301637353/job/102309585106	
current-runtime (windows-latest, 22)	pending	0	https://github.com/Odenknight/GKOS-Engine/actions/runs/34301637172/job/102310880584	
current-runtime (ubuntu-24.04, 22)	pending	0	https://github.com/Odenknight/GKOS-Engine/actions/runs/34301637172/job/102310880693	
current-runtime (ubuntu-24.04, 26)	pending	0	https://github.com/Odenknight/GKOS-Engine/actions/runs/34301637172/job/102310880716	
current-runtime (windows-latest, 22)	pending	0	https://github.com/Odenknight/GKOS-Engine/actions/runs/34301633568/job/102310625217	
current-runtime (ubuntu-24.04, 24)	pending	0	https://github.com/Odenknight/GKOS-Engine/actions/runs/34301633568/job/102310625262	
current-runtime (ubuntu-24.04, 24)	pending	0	https://github.com/Odenknight/GKOS-Engine/actions/runs/34301637172/job/102310880645	
current-runtime (ubuntu-24.04, 26)	pending	0	https://github.com/Odenknight/GKOS-Engine/actions/runs/34301633568/job/102310625336	
current-runtime (windows-latest, 24)	pending	0	https://github.com/Odenknight/GKOS-Engine/actions/runs/34301633568/job/102310625231	
current-runtime (windows-latest, 24)	pending	0	https://github.com/Odenknight/GKOS-Engine/actions/runs/34301637172/job/102310880753	
current-runtime (windows-latest, 26)	pending	0	https://github.com/Odenknight/GKOS-Engine/actions/runs/34301633568/job/102310625203	
current-runtime (windows-latest, 26)	pending	0	https://github.com/Odenknight/GKOS-Engine/actions/runs/34301637172/job/102310880650	
phase5-watcher-windows (22)	pending	0	https://github.com/Odenknight/GKOS-Engine/actions/runs/34301633576/job/102309573970	
phase5-watcher-windows (22)	pending	0	https://github.com/Odenknight/GKOS-Engine/actions/runs/34301637353/job/102309585317	
phase5-watcher-windows (24)	pending	0	https://github.com/Odenknight/GKOS-Engine/actions/runs/34301633576/job/102309573966	
phase5-watcher-windows (24)	pending	0	https://github.com/Odenknight/GKOS-Engine/actions/runs/34301637353/job/102309585271	
phase5-watcher-windows (26)	pending	0	https://github.com/Odenknight/GKOS-Engine/actions/runs/34301633576/job/102309573956	
phase5-watcher-windows (26)	pending	0	https://github.com/Odenknight/GKOS-Engine/actions/runs/34301637353/job/102309585328	
Refreshing checks status every 60 seconds. Press Ctrl+C to quit.

current-2-2	pass	56s	https://github.com/Odenknight/GKOS-Engine/actions/runs/34301637137/job/102309584037	
historical-contract-replay (macos-14, 22)	pass	1m42s	https://github.com/Odenknight/GKOS-Engine/actions/runs/34301633568/job/102309574243	
historical-contract-replay (macos-14, 22)	pass	1m31s	https://github.com/Odenknight/GKOS-Engine/actions/runs/34301637172/job/102309584691	
historical-contract-replay (macos-14, 23)	pass	1m48s	https://github.com/Odenknight/GKOS-Engine/actions/runs/34301633568/job/102309573666	
historical-contract-replay (macos-14, 23)	pass	1m35s	https://github.com/Odenknight/GKOS-Engine/actions/runs/34301637172/job/102309584685	
historical-contract-replay (macos-14, 24)	pass	1m26s	https://github.com/Odenknight/GKOS-Engine/actions/runs/34301633568/job/102309573845	
historical-contract-replay (macos-14, 24)	pass	1m53s	https://github.com/Odenknight/GKOS-Engine/actions/runs/34301637172/job/102309584696	
historical-contract-replay (ubuntu-24.04, 22)	pass	1m52s	https://github.com/Odenknight/GKOS-Engine/actions/runs/34301633568/job/102309573961	
historical-contract-replay (ubuntu-24.04, 22)	pass	1m57s	https://github.com/Odenknight/GKOS-Engine/actions/runs/34301637172/job/102309584683	
historical-contract-replay (ubuntu-24.04, 23)	pass	1m50s	https://github.com/Odenknight/GKOS-Engine/actions/runs/34301633568/job/102309573857	
historical-contract-replay (ubuntu-24.04, 23)	pass	1m47s	https://github.com/Odenknight/GKOS-Engine/actions/runs/34301637172/job/102309584678	
historical-contract-replay (ubuntu-24.04, 24)	pass	1m36s	https://github.com/Odenknight/GKOS-Engine/actions/runs/34301633568/job/102309573936	
historical-contract-replay (ubuntu-24.04, 24)	pass	1m42s	https://github.com/Odenknight/GKOS-Engine/actions/runs/34301637172/job/102309584725	
historical-contract-replay (windows-latest, 22)	pass	3m1s	https://github.com/Odenknight/GKOS-Engine/actions/runs/34301633568/job/102309573984	
historical-contract-replay (windows-latest, 22)	pass	3m7s	https://github.com/Odenknight/GKOS-Engine/actions/runs/34301637172/job/102309584521	
historical-contract-replay (windows-latest, 23)	pass	2m58s	https://github.com/Odenknight/GKOS-Engine/actions/runs/34301633568/job/102309573874	
historical-contract-replay (windows-latest, 23)	pass	2m57s	https://github.com/Odenknight/GKOS-Engine/actions/runs/34301637172/job/102309584612	
historical-contract-replay (windows-latest, 24)	pass	2m53s	https://github.com/Odenknight/GKOS-Engine/actions/runs/34301633568/job/102309573905	
historical-contract-replay (windows-latest, 24)	pass	2m35s	https://github.com/Odenknight/GKOS-Engine/actions/runs/34301637172/job/102309584690	
native-no-change (ubuntu-24.04, 22)	pass	24s	https://github.com/Odenknight/GKOS-Engine/actions/runs/34301637127/job/102309584153	
native-no-change (ubuntu-24.04, 24)	pass	22s	https://github.com/Odenknight/GKOS-Engine/actions/runs/34301637127/job/102309584036	
native-no-change (windows-latest, 22)	pass	1m15s	https://github.com/Odenknight/GKOS-Engine/actions/runs/34301637127/job/102309584195	
native-no-change (windows-latest, 24)	pass	1m1s	https://github.com/Odenknight/GKOS-Engine/actions/runs/34301637127/job/102309584339	
phase5-watcher-linux (22)	pass	3m10s	https://github.com/Odenknight/GKOS-Engine/actions/runs/34301633576/job/102309574072	
phase5-watcher-linux (22)	pass	2m21s	https://github.com/Odenknight/GKOS-Engine/actions/runs/34301637353/job/102309585360	
phase5-watcher-linux (24)	pass	2m34s	https://github.com/Odenknight/GKOS-Engine/actions/runs/34301633576/job/102309573762	
phase5-watcher-linux (24)	pass	3m4s	https://github.com/Odenknight/GKOS-Engine/actions/runs/34301637353/job/102309585331	
phase5-watcher-linux (26)	pass	3m3s	https://github.com/Odenknight/GKOS-Engine/actions/runs/34301633576/job/102309573913	
phase5-watcher-linux (26)	pass	3m1s	https://github.com/Odenknight/GKOS-Engine/actions/runs/34301637353/job/102309585479	
current-runtime (ubuntu-24.04, 22)	pending	0	https://github.com/Odenknight/GKOS-Engine/actions/runs/34301633568/job/102310625220	
build (26)	pending	0	https://github.com/Odenknight/GKOS-Engine/actions/runs/34301637353/job/102309585326	
windows-retrieval-path-security (24)	pass	1m8s	https://github.com/Odenknight/GKOS-Engine/actions/runs/34301637353/job/102309585298	
build (24)	pending	0	https://github.com/Odenknight/GKOS-Engine/actions/runs/34301633576/job/102309573945	
build (26)	pending	0	https://github.com/Odenknight/GKOS-Engine/actions/runs/34301633576/job/102309574037	
phase4-retrieval-observation-manual	skipping	0	https://github.com/Odenknight/GKOS-Engine/actions/runs/34301633576/job/102309574465	
build (22)	pending	0	https://github.com/Odenknight/GKOS-Engine/actions/runs/34301637353/job/102309585247	
phase4-retrieval-observation-manual	skipping	0	https://github.com/Odenknight/GKOS-Engine/actions/runs/34301637353/job/102309585880	
windows-retrieval-path-security (22)	pass	1m10s	https://github.com/Odenknight/GKOS-Engine/actions/runs/34301633576/job/102309574189	
build (24)	pending	0	https://github.com/Odenknight/GKOS-Engine/actions/runs/34301637353/job/102309585327	
windows-retrieval-path-security (26)	pass	1m12s	https://github.com/Odenknight/GKOS-Engine/actions/runs/34301633576/job/102309573962	
build (22)	pending	0	https://github.com/Odenknight/GKOS-Engine/actions/runs/34301633576/job/102309573917	
windows-retrieval-path-security (24)	pass	1m46s	https://github.com/Odenknight/GKOS-Engine/actions/runs/34301633576/job/102309574039	
windows-retrieval-path-security (22)	pass	1m56s	https://github.com/Odenknight/GKOS-Engine/actions/runs/34301637353/job/102309585357	
windows-retrieval-path-security (26)	pass	57s	https://github.com/Odenknight/GKOS-Engine/actions/runs/34301637353/job/102309585106	
phase5-watcher-windows (24)	pass	10m33s	https://github.com/Odenknight/GKOS-Engine/actions/runs/34301633576/job/102309573966	
current-runtime (windows-latest, 24)	pending	0	https://github.com/Odenknight/GKOS-Engine/actions/runs/34301633568/job/102310625231	
current-runtime (ubuntu-24.04, 22)	pending	0	https://github.com/Odenknight/GKOS-Engine/actions/runs/34301637172/job/102310880693	
current-runtime (windows-latest, 22)	pending	0	https://github.com/Odenknight/GKOS-Engine/actions/runs/34301637172/job/102310880584	
current-runtime (ubuntu-24.04, 24)	pending	0	https://github.com/Odenknight/GKOS-Engine/actions/runs/34301633568/job/102310625262	
current-runtime (ubuntu-24.04, 26)	pending	0	https://github.com/Odenknight/GKOS-Engine/actions/runs/34301637172/job/102310880716	
current-runtime (ubuntu-24.04, 26)	pending	0	https://github.com/Odenknight/GKOS-Engine/actions/runs/34301633568/job/102310625336	
current-runtime (ubuntu-24.04, 24)	pending	0	https://github.com/Odenknight/GKOS-Engine/actions/runs/34301637172/job/102310880645	
current-runtime (windows-latest, 22)	pending	0	https://github.com/Odenknight/GKOS-Engine/actions/runs/34301633568/job/102310625217	
current-runtime (windows-latest, 24)	pending	0	https://github.com/Odenknight/GKOS-Engine/actions/runs/34301637172/job/102310880753	
current-runtime (windows-latest, 26)	pending	0	https://github.com/Odenknight/GKOS-Engine/actions/runs/34301633568/job/102310625203	
current-runtime (windows-latest, 26)	pending	0	https://github.com/Odenknight/GKOS-Engine/actions/runs/34301637172/job/102310880650	
phase5-watcher-windows (22)	pending	0	https://github.com/Odenknight/GKOS-Engine/actions/runs/34301633576/job/102309573970	
phase5-watcher-windows (22)	pending	0	https://github.com/Odenknight/GKOS-Engine/actions/runs/34301637353/job/102309585317	
phase5-watcher-windows (24)	pending	0	https://github.com/Odenknight/GKOS-Engine/actions/runs/34301637353/job/102309585271	
phase5-watcher-windows (26)	pending	0	https://github.com/Odenknight/GKOS-Engine/actions/runs/34301633576/job/102309573956	
phase5-watcher-windows (26)	pending	0	https://github.com/Odenknight/GKOS-Engine/actions/runs/34301637353/job/102309585328	
Refreshing checks status every 60 seconds. Press Ctrl+C to quit.

current-2-2	pass	56s	https://github.com/Odenknight/GKOS-Engine/actions/runs/34301637137/job/102309584037	
historical-contract-replay (macos-14, 22)	pass	1m42s	https://github.com/Odenknight/GKOS-Engine/actions/runs/34301633568/job/102309574243	
historical-contract-replay (macos-14, 22)	pass	1m31s	https://github.com/Odenknight/GKOS-Engine/actions/runs/34301637172/job/102309584691	
historical-contract-replay (macos-14, 23)	pass	1m48s	https://github.com/Odenknight/GKOS-Engine/actions/runs/34301633568/job/102309573666	
historical-contract-replay (macos-14, 23)	pass	1m35s	https://github.com/Odenknight/GKOS-Engine/actions/runs/34301637172/job/102309584685	
historical-contract-replay (macos-14, 24)	pass	1m26s	https://github.com/Odenknight/GKOS-Engine/actions/runs/34301633568/job/102309573845	
historical-contract-replay (macos-14, 24)	pass	1m53s	https://github.com/Odenknight/GKOS-Engine/actions/runs/34301637172/job/102309584696	
historical-contract-replay (ubuntu-24.04, 22)	pass	1m52s	https://github.com/Odenknight/GKOS-Engine/actions/runs/34301633568/job/102309573961	
historical-contract-replay (ubuntu-24.04, 22)	pass	1m57s	https://github.com/Odenknight/GKOS-Engine/actions/runs/34301637172/job/102309584683	
historical-contract-replay (ubuntu-24.04, 23)	pass	1m50s	https://github.com/Odenknight/GKOS-Engine/actions/runs/34301633568/job/102309573857	
historical-contract-replay (ubuntu-24.04, 23)	pass	1m47s	https://github.com/Odenknight/GKOS-Engine/actions/runs/34301637172/job/102309584678	
historical-contract-replay (ubuntu-24.04, 24)	pass	1m36s	https://github.com/Odenknight/GKOS-Engine/actions/runs/34301633568/job/102309573936	
historical-contract-replay (ubuntu-24.04, 24)	pass	1m42s	https://github.com/Odenknight/GKOS-Engine/actions/runs/34301637172/job/102309584725	
historical-contract-replay (windows-latest, 22)	pass	3m1s	https://github.com/Odenknight/GKOS-Engine/actions/runs/34301633568/job/102309573984	
historical-contract-replay (windows-latest, 22)	pass	3m7s	https://github.com/Odenknight/GKOS-Engine/actions/runs/34301637172/job/102309584521	
historical-contract-replay (windows-latest, 23)	pass	2m58s	https://github.com/Odenknight/GKOS-Engine/actions/runs/34301633568/job/102309573874	
historical-contract-replay (windows-latest, 23)	pass	2m57s	https://github.com/Odenknight/GKOS-Engine/actions/runs/34301637172/job/102309584612	
historical-contract-replay (windows-latest, 24)	pass	2m53s	https://github.com/Odenknight/GKOS-Engine/actions/runs/34301633568/job/102309573905	
historical-contract-replay (windows-latest, 24)	pass	2m35s	https://github.com/Odenknight/GKOS-Engine/actions/runs/34301637172/job/102309584690	
native-no-change (ubuntu-24.04, 22)	pass	24s	https://github.com/Odenknight/GKOS-Engine/actions/runs/34301637127/job/102309584153	
native-no-change (ubuntu-24.04, 24)	pass	22s	https://github.com/Odenknight/GKOS-Engine/actions/runs/34301637127/job/102309584036	
native-no-change (windows-latest, 22)	pass	1m15s	https://github.com/Odenknight/GKOS-Engine/actions/runs/34301637127/job/102309584195	
native-no-change (windows-latest, 24)	pass	1m1s	https://github.com/Odenknight/GKOS-Engine/actions/runs/34301637127/job/102309584339	
phase5-watcher-linux (22)	pass	3m10s	https://github.com/Odenknight/GKOS-Engine/actions/runs/34301633576/job/102309574072	
phase5-watcher-linux (22)	pass	2m21s	https://github.com/Odenknight/GKOS-Engine/actions/runs/34301637353/job/102309585360	
phase5-watcher-linux (24)	pass	2m34s	https://github.com/Odenknight/GKOS-Engine/actions/runs/34301633576/job/102309573762	
phase5-watcher-linux (24)	pass	3m4s	https://github.com/Odenknight/GKOS-Engine/actions/runs/34301637353/job/102309585331	
phase5-watcher-linux (26)	pass	3m3s	https://github.com/Odenknight/GKOS-Engine/actions/runs/34301633576/job/102309573913	
phase5-watcher-linux (26)	pass	3m1s	https://github.com/Odenknight/GKOS-Engine/actions/runs/34301637353/job/102309585479	
current-runtime (ubuntu-24.04, 22)	pending	0	https://github.com/Odenknight/GKOS-Engine/actions/runs/34301633568/job/102310625220	
build (26)	pending	0	https://github.com/Odenknight/GKOS-Engine/actions/runs/34301637353/job/102309585326	
windows-retrieval-path-security (24)	pass	1m8s	https://github.com/Odenknight/GKOS-Engine/actions/runs/34301637353/job/102309585298	
build (24)	pending	0	https://github.com/Odenknight/GKOS-Engine/actions/runs/34301633576/job/102309573945	
build (26)	pending	0	https://github.com/Odenknight/GKOS-Engine/actions/runs/34301633576/job/102309574037	
phase4-retrieval-observation-manual	skipping	0	https://github.com/Odenknight/GKOS-Engine/actions/runs/34301633576/job/102309574465	
build (22)	pending	0	https://github.com/Odenknight/GKOS-Engine/actions/runs/34301637353/job/102309585247	
phase4-retrieval-observation-manual	skipping	0	https://github.com/Odenknight/GKOS-Engine/actions/runs/34301637353/job/102309585880	
windows-retrieval-path-security (22)	pass	1m10s	https://github.com/Odenknight/GKOS-Engine/actions/runs/34301633576/job/102309574189	
build (24)	pending	0	https://github.com/Odenknight/GKOS-Engine/actions/runs/34301637353/job/102309585327	
windows-retrieval-path-security (26)	pass	1m12s	https://github.com/Odenknight/GKOS-Engine/actions/runs/34301633576/job/102309573962	
build (22)	pending	0	https://github.com/Odenknight/GKOS-Engine/actions/runs/34301633576/job/102309573917	
windows-retrieval-path-security (24)	pass	1m46s	https://github.com/Odenknight/GKOS-Engine/actions/runs/34301633576/job/102309574039	
windows-retrieval-path-security (22)	pass	1m56s	https://github.com/Odenknight/GKOS-Engine/actions/runs/34301637353/job/102309585357	
windows-retrieval-path-security (26)	pass	57s	https://github.com/Odenknight/GKOS-Engine/actions/runs/34301637353/job/102309585106	
phase5-watcher-windows (24)	pass	10m33s	https://github.com/Odenknight/GKOS-Engine/actions/runs/34301633576/job/102309573966	
current-runtime (windows-latest, 24)	pending	0	https://github.com/Odenknight/GKOS-Engine/actions/runs/34301633568/job/102310625231	
current-runtime (ubuntu-24.04, 22)	pending	0	https://github.com/Odenknight/GKOS-Engine/actions/runs/34301637172/job/102310880693	
current-runtime (windows-latest, 22)	pending	0	https://github.com/Odenknight/GKOS-Engine/actions/runs/34301637172/job/102310880584	
current-runtime (ubuntu-24.04, 24)	pending	0	https://github.com/Odenknight/GKOS-Engine/actions/runs/34301633568/job/102310625262	
current-runtime (ubuntu-24.04, 26)	pending	0	https://github.com/Odenknight/GKOS-Engine/actions/runs/34301637172/job/102310880716	
current-runtime (ubuntu-24.04, 26)	pending	0	https://github.com/Odenknight/GKOS-Engine/actions/runs/34301633568/job/102310625336	
current-runtime (ubuntu-24.04, 24)	pending	0	https://github.com/Odenknight/GKOS-Engine/actions/runs/34301637172/job/102310880645	
current-runtime (windows-latest, 22)	pending	0	https://github.com/Odenknight/GKOS-Engine/actions/runs/34301633568/job/102310625217	
current-runtime (windows-latest, 24)	pending	0	https://github.com/Odenknight/GKOS-Engine/actions/runs/34301637172/job/102310880753	
current-runtime (windows-latest, 26)	pending	0	https://github.com/Odenknight/GKOS-Engine/actions/runs/34301633568/job/102310625203	
current-runtime (windows-latest, 26)	pending	0	https://github.com/Odenknight/GKOS-Engine/actions/runs/34301637172/job/102310880650	
phase5-watcher-windows (22)	pending	0	https://github.com/Odenknight/GKOS-Engine/actions/runs/34301633576/job/102309573970	
phase5-watcher-windows (22)	pending	0	https://github.com/Odenknight/GKOS-Engine/actions/runs/34301637353/job/102309585317	
phase5-watcher-windows (24)	pending	0	https://github.com/Odenknight/GKOS-Engine/actions/runs/34301637353/job/102309585271	
phase5-watcher-windows (26)	pending	0	https://github.com/Odenknight/GKOS-Engine/actions/runs/34301633576/job/102309573956	
phase5-watcher-windows (26)	pending	0	https://github.com/Odenknight/GKOS-Engine/actions/runs/34301637353/job/102309585328	
Refreshing checks status every 60 seconds. Press Ctrl+C to quit.

current-2-2	pass	56s	https://github.com/Odenknight/GKOS-Engine/actions/runs/34301637137/job/102309584037	
historical-contract-replay (macos-14, 22)	pass	1m42s	https://github.com/Odenknight/GKOS-Engine/actions/runs/34301633568/job/102309574243	
historical-contract-replay (macos-14, 22)	pass	1m31s	https://github.com/Odenknight/GKOS-Engine/actions/runs/34301637172/job/102309584691	
historical-contract-replay (macos-14, 23)	pass	1m48s	https://github.com/Odenknight/GKOS-Engine/actions/runs/34301633568/job/102309573666	
historical-contract-replay (macos-14, 23)	pass	1m35s	https://github.com/Odenknight/GKOS-Engine/actions/runs/34301637172/job/102309584685	
historical-contract-replay (macos-14, 24)	pass	1m26s	https://github.com/Odenknight/GKOS-Engine/actions/runs/34301633568/job/102309573845	
historical-contract-replay (macos-14, 24)	pass	1m53s	https://github.com/Odenknight/GKOS-Engine/actions/runs/34301637172/job/102309584696	
historical-contract-replay (ubuntu-24.04, 22)	pass	1m52s	https://github.com/Odenknight/GKOS-Engine/actions/runs/34301633568/job/102309573961	
historical-contract-replay (ubuntu-24.04, 22)	pass	1m57s	https://github.com/Odenknight/GKOS-Engine/actions/runs/34301637172/job/102309584683	
historical-contract-replay (ubuntu-24.04, 23)	pass	1m50s	https://github.com/Odenknight/GKOS-Engine/actions/runs/34301633568/job/102309573857	
historical-contract-replay (ubuntu-24.04, 23)	pass	1m47s	https://github.com/Odenknight/GKOS-Engine/actions/runs/34301637172/job/102309584678	
historical-contract-replay (ubuntu-24.04, 24)	pass	1m36s	https://github.com/Odenknight/GKOS-Engine/actions/runs/34301633568/job/102309573936	
historical-contract-replay (ubuntu-24.04, 24)	pass	1m42s	https://github.com/Odenknight/GKOS-Engine/actions/runs/34301637172/job/102309584725	
historical-contract-replay (windows-latest, 22)	pass	3m1s	https://github.com/Odenknight/GKOS-Engine/actions/runs/34301633568/job/102309573984	
historical-contract-replay (windows-latest, 22)	pass	3m7s	https://github.com/Odenknight/GKOS-Engine/actions/runs/34301637172/job/102309584521	
historical-contract-replay (windows-latest, 23)	pass	2m58s	https://github.com/Odenknight/GKOS-Engine/actions/runs/34301633568/job/102309573874	
historical-contract-replay (windows-latest, 23)	pass	2m57s	https://github.com/Odenknight/GKOS-Engine/actions/runs/34301637172/job/102309584612	
current-runtime (windows-latest, 22)	pending	0	https://github.com/Odenknight/GKOS-Engine/actions/runs/34301633568/job/102310625217	
phase5-watcher-linux (24)	pass	3m4s	https://github.com/Odenknight/GKOS-Engine/actions/runs/34301637353/job/102309585331	
build (26)	pending	0	https://github.com/Odenknight/GKOS-Engine/actions/runs/34301637353/job/102309585326	
phase5-watcher-windows (26)	pass	9m59s	https://github.com/Odenknight/GKOS-Engine/actions/runs/34301633576/job/102309573956	
phase5-watcher-windows (22)	pass	10m44s	https://github.com/Odenknight/GKOS-Engine/actions/runs/34301633576/job/102309573970	
phase4-retrieval-observation-manual	skipping	0	https://github.com/Odenknight/GKOS-Engine/actions/runs/34301633576/job/102309574465	
historical-contract-replay (windows-latest, 24)	pass	2m35s	https://github.com/Odenknight/GKOS-Engine/actions/runs/34301637172/job/102309584690	
phase5-watcher-linux (22)	pass	2m21s	https://github.com/Odenknight/GKOS-Engine/actions/runs/34301637353/job/102309585360	
windows-retrieval-path-security (22)	pass	1m10s	https://github.com/Odenknight/GKOS-Engine/actions/runs/34301633576/job/102309574189	
phase4-retrieval-observation-manual	skipping	0	https://github.com/Odenknight/GKOS-Engine/actions/runs/34301637353/job/102309585880	
windows-retrieval-path-security (24)	pass	1m46s	https://github.com/Odenknight/GKOS-Engine/actions/runs/34301633576/job/102309574039	
phase5-watcher-linux (26)	pass	3m1s	https://github.com/Odenknight/GKOS-Engine/actions/runs/34301637353/job/102309585479	
phase5-watcher-windows (24)	pass	11m53s	https://github.com/Odenknight/GKOS-Engine/actions/runs/34301637353/job/102309585271	
native-no-change (windows-latest, 24)	pass	1m1s	https://github.com/Odenknight/GKOS-Engine/actions/runs/34301637127/job/102309584339	
native-no-change (windows-latest, 22)	pass	1m15s	https://github.com/Odenknight/GKOS-Engine/actions/runs/34301637127/job/102309584195	
windows-retrieval-path-security (24)	pass	1m8s	https://github.com/Odenknight/GKOS-Engine/actions/runs/34301637353/job/102309585298	
phase5-watcher-linux (22)	pass	3m10s	https://github.com/Odenknight/GKOS-Engine/actions/runs/34301633576/job/102309574072	
build (26)	pending	0	https://github.com/Odenknight/GKOS-Engine/actions/runs/34301633576/job/102309574037	
build (24)	pending	0	https://github.com/Odenknight/GKOS-Engine/actions/runs/34301633576/job/102309573945	
build (24)	pending	0	https://github.com/Odenknight/GKOS-Engine/actions/runs/34301637353/job/102309585327	
windows-retrieval-path-security (22)	pass	1m56s	https://github.com/Odenknight/GKOS-Engine/actions/runs/34301637353/job/102309585357	
build (22)	pending	0	https://github.com/Odenknight/GKOS-Engine/actions/runs/34301637353/job/102309585247	
windows-retrieval-path-security (26)	pass	1m12s	https://github.com/Odenknight/GKOS-Engine/actions/runs/34301633576/job/102309573962	
historical-contract-replay (windows-latest, 24)	pass	2m53s	https://github.com/Odenknight/GKOS-Engine/actions/runs/34301633568/job/102309573905	
current-runtime (ubuntu-24.04, 22)	pending	0	https://github.com/Odenknight/GKOS-Engine/actions/runs/34301637172/job/102310880693	
current-runtime (ubuntu-24.04, 22)	pending	0	https://github.com/Odenknight/GKOS-Engine/actions/runs/34301633568/job/102310625220	
build (22)	pending	0	https://github.com/Odenknight/GKOS-Engine/actions/runs/34301633576/job/102309573917	
native-no-change (ubuntu-24.04, 22)	pass	24s	https://github.com/Odenknight/GKOS-Engine/actions/runs/34301637127/job/102309584153	
current-runtime (ubuntu-24.04, 24)	pending	0	https://github.com/Odenknight/GKOS-Engine/actions/runs/34301633568/job/102310625262	
native-no-change (ubuntu-24.04, 24)	pass	22s	https://github.com/Odenknight/GKOS-Engine/actions/runs/34301637127/job/102309584036	
current-runtime (ubuntu-24.04, 26)	pending	0	https://github.com/Odenknight/GKOS-Engine/actions/runs/34301633568/job/102310625336	
current-runtime (ubuntu-24.04, 24)	pending	0	https://github.com/Odenknight/GKOS-Engine/actions/runs/34301637172/job/102310880645	
phase5-watcher-windows (24)	pass	10m33s	https://github.com/Odenknight/GKOS-Engine/actions/runs/34301633576/job/102309573966	
phase5-watcher-linux (26)	pass	3m3s	https://github.com/Odenknight/GKOS-Engine/actions/runs/34301633576/job/102309573913	
current-runtime (ubuntu-24.04, 26)	pending	0	https://github.com/Odenknight/GKOS-Engine/actions/runs/34301637172/job/102310880716	
windows-retrieval-path-security (26)	pass	57s	https://github.com/Odenknight/GKOS-Engine/actions/runs/34301637353/job/102309585106	
phase5-watcher-linux (24)	pass	2m34s	https://github.com/Odenknight/GKOS-Engine/actions/runs/34301633576/job/102309573762	
current-runtime (windows-latest, 22)	pending	0	https://github.com/Odenknight/GKOS-Engine/actions/runs/34301637172/job/102310880584	
current-runtime (windows-latest, 24)	pending	0	https://github.com/Odenknight/GKOS-Engine/actions/runs/34301633568/job/102310625231	
current-runtime (windows-latest, 24)	pending	0	https://github.com/Odenknight/GKOS-Engine/actions/runs/34301637172/job/102310880753	
current-runtime (windows-latest, 26)	pending	0	https://github.com/Odenknight/GKOS-Engine/actions/runs/34301633568/job/102310625203	
current-runtime (windows-latest, 26)	pending	0	https://github.com/Odenknight/GKOS-Engine/actions/runs/34301637172/job/102310880650	
phase5-watcher-artifact-audit	pending	0	https://github.com/Odenknight/GKOS-Engine/actions/runs/34301633576/job/102312594950	
phase5-watcher-windows (22)	pending	0	https://github.com/Odenknight/GKOS-Engine/actions/runs/34301637353/job/102309585317	
phase5-watcher-windows (26)	pending	0	https://github.com/Odenknight/GKOS-Engine/actions/runs/34301637353/job/102309585328	
Refreshing checks status every 60 seconds. Press Ctrl+C to quit.

current-2-2	pass	56s	https://github.com/Odenknight/GKOS-Engine/actions/runs/34301637137/job/102309584037	
historical-contract-replay (macos-14, 22)	pass	1m42s	https://github.com/Odenknight/GKOS-Engine/actions/runs/34301633568/job/102309574243	
historical-contract-replay (macos-14, 22)	pass	1m31s	https://github.com/Odenknight/GKOS-Engine/actions/runs/34301637172/job/102309584691	
historical-contract-replay (macos-14, 23)	pass	1m48s	https://github.com/Odenknight/GKOS-Engine/actions/runs/34301633568/job/102309573666	
historical-contract-replay (macos-14, 23)	pass	1m35s	https://github.com/Odenknight/GKOS-Engine/actions/runs/34301637172/job/102309584685	
historical-contract-replay (macos-14, 24)	pass	1m26s	https://github.com/Odenknight/GKOS-Engine/actions/runs/34301633568/job/102309573845	
historical-contract-replay (macos-14, 24)	pass	1m53s	https://github.com/Odenknight/GKOS-Engine/actions/runs/34301637172/job/102309584696	
historical-contract-replay (ubuntu-24.04, 22)	pass	1m52s	https://github.com/Odenknight/GKOS-Engine/actions/runs/34301633568/job/102309573961	
historical-contract-replay (ubuntu-24.04, 22)	pass	1m57s	https://github.com/Odenknight/GKOS-Engine/actions/runs/34301637172/job/102309584683	
historical-contract-replay (ubuntu-24.04, 23)	pass	1m50s	https://github.com/Odenknight/GKOS-Engine/actions/runs/34301633568/job/102309573857	
historical-contract-replay (ubuntu-24.04, 23)	pass	1m47s	https://github.com/Odenknight/GKOS-Engine/actions/runs/34301637172/job/102309584678	
historical-contract-replay (ubuntu-24.04, 24)	pass	1m36s	https://github.com/Odenknight/GKOS-Engine/actions/runs/34301633568/job/102309573936	
historical-contract-replay (ubuntu-24.04, 24)	pass	1m42s	https://github.com/Odenknight/GKOS-Engine/actions/runs/34301637172/job/102309584725	
historical-contract-replay (windows-latest, 22)	pass	3m1s	https://github.com/Odenknight/GKOS-Engine/actions/runs/34301633568/job/102309573984	
historical-contract-replay (windows-latest, 22)	pass	3m7s	https://github.com/Odenknight/GKOS-Engine/actions/runs/34301637172/job/102309584521	
historical-contract-replay (windows-latest, 23)	pass	2m58s	https://github.com/Odenknight/GKOS-Engine/actions/runs/34301633568/job/102309573874	
historical-contract-replay (windows-latest, 23)	pass	2m57s	https://github.com/Odenknight/GKOS-Engine/actions/runs/34301637172/job/102309584612	
current-runtime (windows-latest, 22)	pending	0	https://github.com/Odenknight/GKOS-Engine/actions/runs/34301633568/job/102310625217	
phase5-watcher-linux (24)	pass	3m4s	https://github.com/Odenknight/GKOS-Engine/actions/runs/34301637353/job/102309585331	
build (26)	pending	0	https://github.com/Odenknight/GKOS-Engine/actions/runs/34301637353/job/102309585326	
phase5-watcher-windows (26)	pass	9m59s	https://github.com/Odenknight/GKOS-Engine/actions/runs/34301633576/job/102309573956	
phase5-watcher-windows (22)	pass	10m44s	https://github.com/Odenknight/GKOS-Engine/actions/runs/34301633576/job/102309573970	
phase5-watcher-windows (22)	pass	11m47s	https://github.com/Odenknight/GKOS-Engine/actions/runs/34301637353/job/102309585317	
historical-contract-replay (windows-latest, 24)	pass	2m35s	https://github.com/Odenknight/GKOS-Engine/actions/runs/34301637172/job/102309584690	
phase5-watcher-linux (22)	pass	2m21s	https://github.com/Odenknight/GKOS-Engine/actions/runs/34301637353/job/102309585360	
windows-retrieval-path-security (22)	pass	1m10s	https://github.com/Odenknight/GKOS-Engine/actions/runs/34301633576/job/102309574189	
phase4-retrieval-observation-manual	skipping	0	https://github.com/Odenknight/GKOS-Engine/actions/runs/34301633576/job/102309574465	
windows-retrieval-path-security (24)	pass	1m46s	https://github.com/Odenknight/GKOS-Engine/actions/runs/34301633576/job/102309574039	
phase5-watcher-linux (26)	pass	3m1s	https://github.com/Odenknight/GKOS-Engine/actions/runs/34301637353/job/102309585479	
phase5-watcher-windows (24)	pass	11m53s	https://github.com/Odenknight/GKOS-Engine/actions/runs/34301637353/job/102309585271	
native-no-change (windows-latest, 24)	pass	1m1s	https://github.com/Odenknight/GKOS-Engine/actions/runs/34301637127/job/102309584339	
native-no-change (windows-latest, 22)	pass	1m15s	https://github.com/Odenknight/GKOS-Engine/actions/runs/34301637127/job/102309584195	
windows-retrieval-path-security (24)	pass	1m8s	https://github.com/Odenknight/GKOS-Engine/actions/runs/34301637353/job/102309585298	
phase5-watcher-linux (22)	pass	3m10s	https://github.com/Odenknight/GKOS-Engine/actions/runs/34301633576/job/102309574072	
build (26)	pending	0	https://github.com/Odenknight/GKOS-Engine/actions/runs/34301633576/job/102309574037	
build (24)	pending	0	https://github.com/Odenknight/GKOS-Engine/actions/runs/34301633576/job/102309573945	
build (24)	pending	0	https://github.com/Odenknight/GKOS-Engine/actions/runs/34301637353/job/102309585327	
windows-retrieval-path-security (22)	pass	1m56s	https://github.com/Odenknight/GKOS-Engine/actions/runs/34301637353/job/102309585357	
build (22)	pending	0	https://github.com/Odenknight/GKOS-Engine/actions/runs/34301637353/job/102309585247	
windows-retrieval-path-security (26)	pass	1m12s	https://github.com/Odenknight/GKOS-Engine/actions/runs/34301633576/job/102309573962	
historical-contract-replay (windows-latest, 24)	pass	2m53s	https://github.com/Odenknight/GKOS-Engine/actions/runs/34301633568/job/102309573905	
phase4-retrieval-observation-manual	skipping	0	https://github.com/Odenknight/GKOS-Engine/actions/runs/34301637353/job/102309585880	
current-runtime (ubuntu-24.04, 22)	pending	0	https://github.com/Odenknight/GKOS-Engine/actions/runs/34301633568/job/102310625220	
current-runtime (ubuntu-24.04, 22)	pending	0	https://github.com/Odenknight/GKOS-Engine/actions/runs/34301637172/job/102310880693	
native-no-change (ubuntu-24.04, 22)	pass	24s	https://github.com/Odenknight/GKOS-Engine/actions/runs/34301637127/job/102309584153	
current-runtime (ubuntu-24.04, 24)	pending	0	https://github.com/Odenknight/GKOS-Engine/actions/runs/34301633568/job/102310625262	
phase5-watcher-artifact-audit	pass	25s	https://github.com/Odenknight/GKOS-Engine/actions/runs/34301633576/job/102312594950	
current-runtime (ubuntu-24.04, 26)	pending	0	https://github.com/Odenknight/GKOS-Engine/actions/runs/34301633568/job/102310625336	
current-runtime (ubuntu-24.04, 24)	pending	0	https://github.com/Odenknight/GKOS-Engine/actions/runs/34301637172/job/102310880645	
phase5-watcher-windows (24)	pass	10m33s	https://github.com/Odenknight/GKOS-Engine/actions/runs/34301633576/job/102309573966	
phase5-watcher-linux (26)	pass	3m3s	https://github.com/Odenknight/GKOS-Engine/actions/runs/34301633576/job/102309573913	
current-runtime (ubuntu-24.04, 26)	pending	0	https://github.com/Odenknight/GKOS-Engine/actions/runs/34301637172/job/102310880716	
build (22)	pending	0	https://github.com/Odenknight/GKOS-Engine/actions/runs/34301633576/job/102309573917	
phase5-watcher-linux (24)	pass	2m34s	https://github.com/Odenknight/GKOS-Engine/actions/runs/34301633576/job/102309573762	
windows-retrieval-path-security (26)	pass	57s	https://github.com/Odenknight/GKOS-Engine/actions/runs/34301637353/job/102309585106	
native-no-change (ubuntu-24.04, 24)	pass	22s	https://github.com/Odenknight/GKOS-Engine/actions/runs/34301637127/job/102309584036	
current-runtime (windows-latest, 22)	pending	0	https://github.com/Odenknight/GKOS-Engine/actions/runs/34301637172/job/102310880584	
current-runtime (windows-latest, 24)	pending	0	https://github.com/Odenknight/GKOS-Engine/actions/runs/34301633568/job/102310625231	
current-runtime (windows-latest, 24)	pending	0	https://github.com/Odenknight/GKOS-Engine/actions/runs/34301637172/job/102310880753	
current-runtime (windows-latest, 26)	pending	0	https://github.com/Odenknight/GKOS-Engine/actions/runs/34301633568/job/102310625203	
current-runtime (windows-latest, 26)	pending	0	https://github.com/Odenknight/GKOS-Engine/actions/runs/34301637172/job/102310880650	
phase5-watcher-windows (26)	pending	0	https://github.com/Odenknight/GKOS-Engine/actions/runs/34301637353/job/102309585328	
Refreshing checks status every 60 seconds. Press Ctrl+C to quit.

current-2-2	pass	56s	https://github.com/Odenknight/GKOS-Engine/actions/runs/34301637137/job/102309584037	
current-runtime (ubuntu-24.04, 22)	pass	10m30s	https://github.com/Odenknight/GKOS-Engine/actions/runs/34301633568/job/102310625220	
historical-contract-replay (macos-14, 22)	pass	1m42s	https://github.com/Odenknight/GKOS-Engine/actions/runs/34301633568/job/102309574243	
historical-contract-replay (macos-14, 22)	pass	1m31s	https://github.com/Odenknight/GKOS-Engine/actions/runs/34301637172/job/102309584691	
historical-contract-replay (macos-14, 23)	pass	1m48s	https://github.com/Odenknight/GKOS-Engine/actions/runs/34301633568/job/102309573666	
historical-contract-replay (macos-14, 23)	pass	1m35s	https://github.com/Odenknight/GKOS-Engine/actions/runs/34301637172/job/102309584685	
historical-contract-replay (macos-14, 24)	pass	1m26s	https://github.com/Odenknight/GKOS-Engine/actions/runs/34301633568/job/102309573845	
historical-contract-replay (macos-14, 24)	pass	1m53s	https://github.com/Odenknight/GKOS-Engine/actions/runs/34301637172/job/102309584696	
historical-contract-replay (ubuntu-24.04, 22)	pass	1m52s	https://github.com/Odenknight/GKOS-Engine/actions/runs/34301633568/job/102309573961	
historical-contract-replay (ubuntu-24.04, 22)	pass	1m57s	https://github.com/Odenknight/GKOS-Engine/actions/runs/34301637172/job/102309584683	
historical-contract-replay (ubuntu-24.04, 23)	pass	1m50s	https://github.com/Odenknight/GKOS-Engine/actions/runs/34301633568/job/102309573857	
historical-contract-replay (ubuntu-24.04, 23)	pass	1m47s	https://github.com/Odenknight/GKOS-Engine/actions/runs/34301637172/job/102309584678	
historical-contract-replay (ubuntu-24.04, 24)	pass	1m36s	https://github.com/Odenknight/GKOS-Engine/actions/runs/34301633568/job/102309573936	
historical-contract-replay (ubuntu-24.04, 24)	pass	1m42s	https://github.com/Odenknight/GKOS-Engine/actions/runs/34301637172/job/102309584725	
historical-contract-replay (windows-latest, 22)	pass	3m1s	https://github.com/Odenknight/GKOS-Engine/actions/runs/34301633568/job/102309573984	
historical-contract-replay (windows-latest, 22)	pass	3m7s	https://github.com/Odenknight/GKOS-Engine/actions/runs/34301637172/job/102309584521	
historical-contract-replay (windows-latest, 23)	pass	2m58s	https://github.com/Odenknight/GKOS-Engine/actions/runs/34301633568/job/102309573874	
historical-contract-replay (windows-latest, 23)	pass	2m57s	https://github.com/Odenknight/GKOS-Engine/actions/runs/34301637172/job/102309584612	
historical-contract-replay (windows-latest, 24)	pass	2m53s	https://github.com/Odenknight/GKOS-Engine/actions/runs/34301633568/job/102309573905	
historical-contract-replay (windows-latest, 24)	pass	2m35s	https://github.com/Odenknight/GKOS-Engine/actions/runs/34301637172/job/102309584690	
native-no-change (ubuntu-24.04, 22)	pass	24s	https://github.com/Odenknight/GKOS-Engine/actions/runs/34301637127/job/102309584153	
native-no-change (ubuntu-24.04, 24)	pass	22s	https://github.com/Odenknight/GKOS-Engine/actions/runs/34301637127/job/102309584036	
native-no-change (windows-latest, 22)	pass	1m15s	https://github.com/Odenknight/GKOS-Engine/actions/runs/34301637127/job/102309584195	
native-no-change (windows-latest, 24)	pass	1m1s	https://github.com/Odenknight/GKOS-Engine/actions/runs/34301637127/job/102309584339	
phase5-watcher-artifact-audit	pass	25s	https://github.com/Odenknight/GKOS-Engine/actions/runs/34301633576/job/102312594950	
phase5-watcher-artifact-audit	pass	29s	https://github.com/Odenknight/GKOS-Engine/actions/runs/34301637353/job/102312860430	
phase5-watcher-linux (22)	pass	3m10s	https://github.com/Odenknight/GKOS-Engine/actions/runs/34301633576/job/102309574072	
phase5-watcher-linux (22)	pass	2m21s	https://github.com/Odenknight/GKOS-Engine/actions/runs/34301637353/job/102309585360	
phase5-watcher-linux (24)	pass	2m34s	https://github.com/Odenknight/GKOS-Engine/actions/runs/34301633576/job/102309573762	
phase5-watcher-linux (24)	pass	3m4s	https://github.com/Odenknight/GKOS-Engine/actions/runs/34301637353/job/102309585331	
phase5-watcher-linux (26)	pass	3m3s	https://github.com/Odenknight/GKOS-Engine/actions/runs/34301633576/job/102309573913	
phase5-watcher-linux (26)	pass	3m1s	https://github.com/Odenknight/GKOS-Engine/actions/runs/34301637353/job/102309585479	
phase5-watcher-windows (22)	pass	10m44s	https://github.com/Odenknight/GKOS-Engine/actions/runs/34301633576/job/102309573970	
phase5-watcher-windows (22)	pass	11m47s	https://github.com/Odenknight/GKOS-Engine/actions/runs/34301637353/job/102309585317	
phase5-watcher-windows (24)	pass	10m33s	https://github.com/Odenknight/GKOS-Engine/actions/runs/34301633576/job/102309573966	
current-runtime (ubuntu-24.04, 22)	pending	0	https://github.com/Odenknight/GKOS-Engine/actions/runs/34301637172/job/102310880693	
build (26)	pending	0	https://github.com/Odenknight/GKOS-Engine/actions/runs/34301633576/job/102309574037	
build (22)	pending	0	https://github.com/Odenknight/GKOS-Engine/actions/runs/34301637353/job/102309585247	
windows-retrieval-path-security (26)	pass	1m12s	https://github.com/Odenknight/GKOS-Engine/actions/runs/34301633576/job/102309573962	
windows-retrieval-path-security (22)	pass	1m10s	https://github.com/Odenknight/GKOS-Engine/actions/runs/34301633576/job/102309574189	
build (24)	pending	0	https://github.com/Odenknight/GKOS-Engine/actions/runs/34301637353/job/102309585327	
phase5-watcher-windows (26)	pass	11m11s	https://github.com/Odenknight/GKOS-Engine/actions/runs/34301637353/job/102309585328	
windows-retrieval-path-security (24)	pass	1m8s	https://github.com/Odenknight/GKOS-Engine/actions/runs/34301637353/job/102309585298	
windows-retrieval-path-security (22)	pass	1m56s	https://github.com/Odenknight/GKOS-Engine/actions/runs/34301637353/job/102309585357	
phase4-retrieval-observation-manual	skipping	0	https://github.com/Odenknight/GKOS-Engine/actions/runs/34301633576/job/102309574465	
phase4-retrieval-observation-manual	skipping	0	https://github.com/Odenknight/GKOS-Engine/actions/runs/34301637353/job/102309585880	
build (26)	pending	0	https://github.com/Odenknight/GKOS-Engine/actions/runs/34301637353/job/102309585326	
build (22)	pending	0	https://github.com/Odenknight/GKOS-Engine/actions/runs/34301633576/job/102309573917	
windows-retrieval-path-security (26)	pass	57s	https://github.com/Odenknight/GKOS-Engine/actions/runs/34301637353/job/102309585106	
build (24)	pending	0	https://github.com/Odenknight/GKOS-Engine/actions/runs/34301633576/job/102309573945	
windows-retrieval-path-security (24)	pass	1m46s	https://github.com/Odenknight/GKOS-Engine/actions/runs/34301633576/job/102309574039	
phase5-watcher-windows (24)	pass	11m53s	https://github.com/Odenknight/GKOS-Engine/actions/runs/34301637353/job/102309585271	
phase5-watcher-windows (26)	pass	9m59s	https://github.com/Odenknight/GKOS-Engine/actions/runs/34301633576/job/102309573956	
current-runtime (ubuntu-24.04, 24)	pending	0	https://github.com/Odenknight/GKOS-Engine/actions/runs/34301633568/job/102310625262	
current-runtime (ubuntu-24.04, 24)	pending	0	https://github.com/Odenknight/GKOS-Engine/actions/runs/34301637172/job/102310880645	
current-runtime (ubuntu-24.04, 26)	pending	0	https://github.com/Odenknight/GKOS-Engine/actions/runs/34301633568/job/102310625336	
current-runtime (ubuntu-24.04, 26)	pending	0	https://github.com/Odenknight/GKOS-Engine/actions/runs/34301637172/job/102310880716	
current-runtime (windows-latest, 22)	pending	0	https://github.com/Odenknight/GKOS-Engine/actions/runs/34301633568/job/102310625217	
current-runtime (windows-latest, 22)	pending	0	https://github.com/Odenknight/GKOS-Engine/actions/runs/34301637172/job/102310880584	
current-runtime (windows-latest, 24)	pending	0	https://github.com/Odenknight/GKOS-Engine/actions/runs/34301633568/job/102310625231	
current-runtime (windows-latest, 24)	pending	0	https://github.com/Odenknight/GKOS-Engine/actions/runs/34301637172/job/102310880753	
current-runtime (windows-latest, 26)	pending	0	https://github.com/Odenknight/GKOS-Engine/actions/runs/34301633568/job/102310625203	
current-runtime (windows-latest, 26)	pending	0	https://github.com/Odenknight/GKOS-Engine/actions/runs/34301637172/job/102310880650	
Refreshing checks status every 60 seconds. Press Ctrl+C to quit.

current-2-2	pass	56s	https://github.com/Odenknight/GKOS-Engine/actions/runs/34301637137/job/102309584037	
current-runtime (ubuntu-24.04, 22)	pass	10m30s	https://github.com/Odenknight/GKOS-Engine/actions/runs/34301633568/job/102310625220	
historical-contract-replay (macos-14, 22)	pass	1m42s	https://github.com/Odenknight/GKOS-Engine/actions/runs/34301633568/job/102309574243	
historical-contract-replay (macos-14, 22)	pass	1m31s	https://github.com/Odenknight/GKOS-Engine/actions/runs/34301637172/job/102309584691	
historical-contract-replay (macos-14, 23)	pass	1m48s	https://github.com/Odenknight/GKOS-Engine/actions/runs/34301633568/job/102309573666	
historical-contract-replay (macos-14, 23)	pass	1m35s	https://github.com/Odenknight/GKOS-Engine/actions/runs/34301637172/job/102309584685	
historical-contract-replay (macos-14, 24)	pass	1m26s	https://github.com/Odenknight/GKOS-Engine/actions/runs/34301633568/job/102309573845	
historical-contract-replay (macos-14, 24)	pass	1m53s	https://github.com/Odenknight/GKOS-Engine/actions/runs/34301637172/job/102309584696	
historical-contract-replay (ubuntu-24.04, 22)	pass	1m52s	https://github.com/Odenknight/GKOS-Engine/actions/runs/34301633568/job/102309573961	
historical-contract-replay (ubuntu-24.04, 22)	pass	1m57s	https://github.com/Odenknight/GKOS-Engine/actions/runs/34301637172/job/102309584683	
historical-contract-replay (ubuntu-24.04, 23)	pass	1m50s	https://github.com/Odenknight/GKOS-Engine/actions/runs/34301633568/job/102309573857	
historical-contract-replay (ubuntu-24.04, 23)	pass	1m47s	https://github.com/Odenknight/GKOS-Engine/actions/runs/34301637172/job/102309584678	
historical-contract-replay (ubuntu-24.04, 24)	pass	1m36s	https://github.com/Odenknight/GKOS-Engine/actions/runs/34301633568/job/102309573936	
historical-contract-replay (ubuntu-24.04, 24)	pass	1m42s	https://github.com/Odenknight/GKOS-Engine/actions/runs/34301637172/job/102309584725	
historical-contract-replay (windows-latest, 22)	pass	3m1s	https://github.com/Odenknight/GKOS-Engine/actions/runs/34301633568/job/102309573984	
historical-contract-replay (windows-latest, 22)	pass	3m7s	https://github.com/Odenknight/GKOS-Engine/actions/runs/34301637172/job/102309584521	
historical-contract-replay (windows-latest, 23)	pass	2m58s	https://github.com/Odenknight/GKOS-Engine/actions/runs/34301633568/job/102309573874	
historical-contract-replay (windows-latest, 23)	pass	2m57s	https://github.com/Odenknight/GKOS-Engine/actions/runs/34301637172/job/102309584612	
historical-contract-replay (windows-latest, 24)	pass	2m53s	https://github.com/Odenknight/GKOS-Engine/actions/runs/34301633568/job/102309573905	
historical-contract-replay (windows-latest, 24)	pass	2m35s	https://github.com/Odenknight/GKOS-Engine/actions/runs/34301637172/job/102309584690	
native-no-change (ubuntu-24.04, 22)	pass	24s	https://github.com/Odenknight/GKOS-Engine/actions/runs/34301637127/job/102309584153	
native-no-change (ubuntu-24.04, 24)	pass	22s	https://github.com/Odenknight/GKOS-Engine/actions/runs/34301637127/job/102309584036	
native-no-change (windows-latest, 22)	pass	1m15s	https://github.com/Odenknight/GKOS-Engine/actions/runs/34301637127/job/102309584195	
native-no-change (windows-latest, 24)	pass	1m1s	https://github.com/Odenknight/GKOS-Engine/actions/runs/34301637127/job/102309584339	
phase5-watcher-artifact-audit	pass	25s	https://github.com/Odenknight/GKOS-Engine/actions/runs/34301633576/job/102312594950	
phase5-watcher-artifact-audit	pass	29s	https://github.com/Odenknight/GKOS-Engine/actions/runs/34301637353/job/102312860430	
phase5-watcher-linux (22)	pass	3m10s	https://github.com/Odenknight/GKOS-Engine/actions/runs/34301633576/job/102309574072	
phase5-watcher-linux (22)	pass	2m21s	https://github.com/Odenknight/GKOS-Engine/actions/runs/34301637353/job/102309585360	
phase5-watcher-linux (24)	pass	2m34s	https://github.com/Odenknight/GKOS-Engine/actions/runs/34301633576/job/102309573762	
phase5-watcher-linux (24)	pass	3m4s	https://github.com/Odenknight/GKOS-Engine/actions/runs/34301637353/job/102309585331	
phase5-watcher-linux (26)	pass	3m3s	https://github.com/Odenknight/GKOS-Engine/actions/runs/34301633576/job/102309573913	
phase5-watcher-linux (26)	pass	3m1s	https://github.com/Odenknight/GKOS-Engine/actions/runs/34301637353/job/102309585479	
phase5-watcher-windows (22)	pass	10m44s	https://github.com/Odenknight/GKOS-Engine/actions/runs/34301633576/job/102309573970	
phase5-watcher-windows (22)	pass	11m47s	https://github.com/Odenknight/GKOS-Engine/actions/runs/34301637353/job/102309585317	
phase5-watcher-windows (24)	pass	10m33s	https://github.com/Odenknight/GKOS-Engine/actions/runs/34301633576/job/102309573966	
current-runtime (ubuntu-24.04, 22)	pending	0	https://github.com/Odenknight/GKOS-Engine/actions/runs/34301637172/job/102310880693	
build (26)	pending	0	https://github.com/Odenknight/GKOS-Engine/actions/runs/34301633576/job/102309574037	
build (22)	pending	0	https://github.com/Odenknight/GKOS-Engine/actions/runs/34301637353/job/102309585247	
windows-retrieval-path-security (26)	pass	1m12s	https://github.com/Odenknight/GKOS-Engine/actions/runs/34301633576/job/102309573962	
windows-retrieval-path-security (22)	pass	1m10s	https://github.com/Odenknight/GKOS-Engine/actions/runs/34301633576/job/102309574189	
build (24)	pending	0	https://github.com/Odenknight/GKOS-Engine/actions/runs/34301637353/job/102309585327	
phase5-watcher-windows (26)	pass	11m11s	https://github.com/Odenknight/GKOS-Engine/actions/runs/34301637353/job/102309585328	
windows-retrieval-path-security (24)	pass	1m8s	https://github.com/Odenknight/GKOS-Engine/actions/runs/34301637353/job/102309585298	
windows-retrieval-path-security (22)	pass	1m56s	https://github.com/Odenknight/GKOS-Engine/actions/runs/34301637353/job/102309585357	
phase4-retrieval-observation-manual	skipping	0	https://github.com/Odenknight/GKOS-Engine/actions/runs/34301633576/job/102309574465	
phase4-retrieval-observation-manual	skipping	0	https://github.com/Odenknight/GKOS-Engine/actions/runs/34301637353/job/102309585880	
build (26)	pending	0	https://github.com/Odenknight/GKOS-Engine/actions/runs/34301637353/job/102309585326	
build (22)	pending	0	https://github.com/Odenknight/GKOS-Engine/actions/runs/34301633576/job/102309573917	
windows-retrieval-path-security (26)	pass	57s	https://github.com/Odenknight/GKOS-Engine/actions/runs/34301637353/job/102309585106	
build (24)	pending	0	https://github.com/Odenknight/GKOS-Engine/actions/runs/34301633576/job/102309573945	
windows-retrieval-path-security (24)	pass	1m46s	https://github.com/Odenknight/GKOS-Engine/actions/runs/34301633576/job/102309574039	
phase5-watcher-windows (24)	pass	11m53s	https://github.com/Odenknight/GKOS-Engine/actions/runs/34301637353/job/102309585271	
phase5-watcher-windows (26)	pass	9m59s	https://github.com/Odenknight/GKOS-Engine/actions/runs/34301633576/job/102309573956	
current-runtime (ubuntu-24.04, 24)	pending	0	https://github.com/Odenknight/GKOS-Engine/actions/runs/34301633568/job/102310625262	
current-runtime (ubuntu-24.04, 24)	pending	0	https://github.com/Odenknight/GKOS-Engine/actions/runs/34301637172/job/102310880645	
current-runtime (ubuntu-24.04, 26)	pending	0	https://github.com/Odenknight/GKOS-Engine/actions/runs/34301633568/job/102310625336	
current-runtime (ubuntu-24.04, 26)	pending	0	https://github.com/Odenknight/GKOS-Engine/actions/runs/34301637172/job/102310880716	
current-runtime (windows-latest, 22)	pending	0	https://github.com/Odenknight/GKOS-Engine/actions/runs/34301633568/job/102310625217	
current-runtime (windows-latest, 22)	pending	0	https://github.com/Odenknight/GKOS-Engine/actions/runs/34301637172/job/102310880584	
current-runtime (windows-latest, 24)	pending	0	https://github.com/Odenknight/GKOS-Engine/actions/runs/34301633568/job/102310625231	
current-runtime (windows-latest, 24)	pending	0	https://github.com/Odenknight/GKOS-Engine/actions/runs/34301637172/job/102310880753	
current-runtime (windows-latest, 26)	pending	0	https://github.com/Odenknight/GKOS-Engine/actions/runs/34301633568/job/102310625203	
current-runtime (windows-latest, 26)	pending	0	https://github.com/Odenknight/GKOS-Engine/actions/runs/34301637172/job/102310880650	
Refreshing checks status every 60 seconds. Press Ctrl+C to quit.

current-2-2	pass	56s	https://github.com/Odenknight/GKOS-Engine/actions/runs/34301637137/job/102309584037	
current-runtime (ubuntu-24.04, 22)	pass	10m30s	https://github.com/Odenknight/GKOS-Engine/actions/runs/34301633568/job/102310625220	
current-runtime (ubuntu-24.04, 24)	pass	12m48s	https://github.com/Odenknight/GKOS-Engine/actions/runs/34301633568/job/102310625262	
historical-contract-replay (macos-14, 22)	pass	1m42s	https://github.com/Odenknight/GKOS-Engine/actions/runs/34301633568/job/102309574243	
historical-contract-replay (macos-14, 22)	pass	1m31s	https://github.com/Odenknight/GKOS-Engine/actions/runs/34301637172/job/102309584691	
historical-contract-replay (macos-14, 23)	pass	1m48s	https://github.com/Odenknight/GKOS-Engine/actions/runs/34301633568/job/102309573666	
historical-contract-replay (macos-14, 23)	pass	1m35s	https://github.com/Odenknight/GKOS-Engine/actions/runs/34301637172/job/102309584685	
historical-contract-replay (macos-14, 24)	pass	1m26s	https://github.com/Odenknight/GKOS-Engine/actions/runs/34301633568/job/102309573845	
historical-contract-replay (macos-14, 24)	pass	1m53s	https://github.com/Odenknight/GKOS-Engine/actions/runs/34301637172/job/102309584696	
historical-contract-replay (ubuntu-24.04, 22)	pass	1m52s	https://github.com/Odenknight/GKOS-Engine/actions/runs/34301633568/job/102309573961	
historical-contract-replay (ubuntu-24.04, 22)	pass	1m57s	https://github.com/Odenknight/GKOS-Engine/actions/runs/34301637172/job/102309584683	
historical-contract-replay (ubuntu-24.04, 23)	pass	1m50s	https://github.com/Odenknight/GKOS-Engine/actions/runs/34301633568/job/102309573857	
historical-contract-replay (ubuntu-24.04, 23)	pass	1m47s	https://github.com/Odenknight/GKOS-Engine/actions/runs/34301637172/job/102309584678	
historical-contract-replay (ubuntu-24.04, 24)	pass	1m36s	https://github.com/Odenknight/GKOS-Engine/actions/runs/34301633568/job/102309573936	
historical-contract-replay (ubuntu-24.04, 24)	pass	1m42s	https://github.com/Odenknight/GKOS-Engine/actions/runs/34301637172/job/102309584725	
historical-contract-replay (windows-latest, 22)	pass	3m1s	https://github.com/Odenknight/GKOS-Engine/actions/runs/34301633568/job/102309573984	
historical-contract-replay (windows-latest, 22)	pass	3m7s	https://github.com/Odenknight/GKOS-Engine/actions/runs/34301637172/job/102309584521	
historical-contract-replay (windows-latest, 23)	pass	2m58s	https://github.com/Odenknight/GKOS-Engine/actions/runs/34301633568/job/102309573874	
historical-contract-replay (windows-latest, 23)	pass	2m57s	https://github.com/Odenknight/GKOS-Engine/actions/runs/34301637172/job/102309584612	
historical-contract-replay (windows-latest, 24)	pass	2m53s	https://github.com/Odenknight/GKOS-Engine/actions/runs/34301633568/job/102309573905	
historical-contract-replay (windows-latest, 24)	pass	2m35s	https://github.com/Odenknight/GKOS-Engine/actions/runs/34301637172/job/102309584690	
native-no-change (ubuntu-24.04, 22)	pass	24s	https://github.com/Odenknight/GKOS-Engine/actions/runs/34301637127/job/102309584153	
native-no-change (ubuntu-24.04, 24)	pass	22s	https://github.com/Odenknight/GKOS-Engine/actions/runs/34301637127/job/102309584036	
native-no-change (windows-latest, 22)	pass	1m15s	https://github.com/Odenknight/GKOS-Engine/actions/runs/34301637127/job/102309584195	
native-no-change (windows-latest, 24)	pass	1m1s	https://github.com/Odenknight/GKOS-Engine/actions/runs/34301637127/job/102309584339	
phase5-watcher-artifact-audit	pass	25s	https://github.com/Odenknight/GKOS-Engine/actions/runs/34301633576/job/102312594950	
phase5-watcher-artifact-audit	pass	29s	https://github.com/Odenknight/GKOS-Engine/actions/runs/34301637353/job/102312860430	
phase5-watcher-linux (22)	pass	3m10s	https://github.com/Odenknight/GKOS-Engine/actions/runs/34301633576/job/102309574072	
phase5-watcher-linux (22)	pass	2m21s	https://github.com/Odenknight/GKOS-Engine/actions/runs/34301637353/job/102309585360	
phase5-watcher-linux (24)	pass	2m34s	https://github.com/Odenknight/GKOS-Engine/actions/runs/34301633576/job/102309573762	
phase5-watcher-linux (24)	pass	3m4s	https://github.com/Odenknight/GKOS-Engine/actions/runs/34301637353/job/102309585331	
phase5-watcher-linux (26)	pass	3m3s	https://github.com/Odenknight/GKOS-Engine/actions/runs/34301633576/job/102309573913	
current-runtime (ubuntu-24.04, 26)	pending	0	https://github.com/Odenknight/GKOS-Engine/actions/runs/34301637172/job/102310880716	
windows-retrieval-path-security (24)	pass	1m8s	https://github.com/Odenknight/GKOS-Engine/actions/runs/34301637353/job/102309585298	
build (26)	pending	0	https://github.com/Odenknight/GKOS-Engine/actions/runs/34301633576/job/102309574037	
build (24)	pending	0	https://github.com/Odenknight/GKOS-Engine/actions/runs/34301633576/job/102309573945	
phase5-watcher-windows (24)	pass	11m53s	https://github.com/Odenknight/GKOS-Engine/actions/runs/34301637353/job/102309585271	
build (22)	pending	0	https://github.com/Odenknight/GKOS-Engine/actions/runs/34301637353/job/102309585247	
build (26)	pending	0	https://github.com/Odenknight/GKOS-Engine/actions/runs/34301637353/job/102309585326	
windows-retrieval-path-security (26)	pass	1m12s	https://github.com/Odenknight/GKOS-Engine/actions/runs/34301633576/job/102309573962	
build (24)	pending	0	https://github.com/Odenknight/GKOS-Engine/actions/runs/34301637353/job/102309585327	
windows-retrieval-path-security (22)	pass	1m10s	https://github.com/Odenknight/GKOS-Engine/actions/runs/34301633576/job/102309574189	
phase5-watcher-windows (26)	pass	11m11s	https://github.com/Odenknight/GKOS-Engine/actions/runs/34301637353/job/102309585328	
phase5-watcher-linux (26)	pass	3m1s	https://github.com/Odenknight/GKOS-Engine/actions/runs/34301637353/job/102309585479	
windows-retrieval-path-security (22)	pass	1m56s	https://github.com/Odenknight/GKOS-Engine/actions/runs/34301637353/job/102309585357	
phase4-retrieval-observation-manual	skipping	0	https://github.com/Odenknight/GKOS-Engine/actions/runs/34301633576/job/102309574465	
phase4-retrieval-observation-manual	skipping	0	https://github.com/Odenknight/GKOS-Engine/actions/runs/34301637353/job/102309585880	
phase5-watcher-windows (22)	pass	11m47s	https://github.com/Odenknight/GKOS-Engine/actions/runs/34301637353/job/102309585317	
current-runtime (ubuntu-24.04, 26)	pending	0	https://github.com/Odenknight/GKOS-Engine/actions/runs/34301633568/job/102310625336	
current-runtime (ubuntu-24.04, 22)	pending	0	https://github.com/Odenknight/GKOS-Engine/actions/runs/34301637172/job/102310880693	
build (22)	pending	0	https://github.com/Odenknight/GKOS-Engine/actions/runs/34301633576/job/102309573917	
phase5-watcher-windows (24)	pass	10m33s	https://github.com/Odenknight/GKOS-Engine/actions/runs/34301633576/job/102309573966	
windows-retrieval-path-security (24)	pass	1m46s	https://github.com/Odenknight/GKOS-Engine/actions/runs/34301633576/job/102309574039	
phase5-watcher-windows (26)	pass	9m59s	https://github.com/Odenknight/GKOS-Engine/actions/runs/34301633576/job/102309573956	
phase5-watcher-windows (22)	pass	10m44s	https://github.com/Odenknight/GKOS-Engine/actions/runs/34301633576/job/102309573970	
windows-retrieval-path-security (26)	pass	57s	https://github.com/Odenknight/GKOS-Engine/actions/runs/34301637353/job/102309585106	
current-runtime (ubuntu-24.04, 24)	pending	0	https://github.com/Odenknight/GKOS-Engine/actions/runs/34301637172/job/102310880645	
current-runtime (windows-latest, 22)	pending	0	https://github.com/Odenknight/GKOS-Engine/actions/runs/34301633568/job/102310625217	
current-runtime (windows-latest, 22)	pending	0	https://github.com/Odenknight/GKOS-Engine/actions/runs/34301637172/job/102310880584	
current-runtime (windows-latest, 24)	pending	0	https://github.com/Odenknight/GKOS-Engine/actions/runs/34301633568/job/102310625231	
current-runtime (windows-latest, 24)	pending	0	https://github.com/Odenknight/GKOS-Engine/actions/runs/34301637172/job/102310880753	
current-runtime (windows-latest, 26)	pending	0	https://github.com/Odenknight/GKOS-Engine/actions/runs/34301633568/job/102310625203	
current-runtime (windows-latest, 26)	pending	0	https://github.com/Odenknight/GKOS-Engine/actions/runs/34301637172/job/102310880650	
Refreshing checks status every 60 seconds. Press Ctrl+C to quit.

build (26)	pass	17m29s	https://github.com/Odenknight/GKOS-Engine/actions/runs/34301633576/job/102309574037	
current-2-2	pass	56s	https://github.com/Odenknight/GKOS-Engine/actions/runs/34301637137/job/102309584037	
current-runtime (ubuntu-24.04, 22)	pass	10m30s	https://github.com/Odenknight/GKOS-Engine/actions/runs/34301633568/job/102310625220	
current-runtime (ubuntu-24.04, 22)	pass	13m4s	https://github.com/Odenknight/GKOS-Engine/actions/runs/34301637172/job/102310880693	
current-runtime (ubuntu-24.04, 24)	pass	12m48s	https://github.com/Odenknight/GKOS-Engine/actions/runs/34301633568/job/102310625262	
current-runtime (ubuntu-24.04, 24)	pass	13m18s	https://github.com/Odenknight/GKOS-Engine/actions/runs/34301637172/job/102310880645	
current-runtime (ubuntu-24.04, 26)	pass	13m59s	https://github.com/Odenknight/GKOS-Engine/actions/runs/34301633568/job/102310625336	
historical-contract-replay (macos-14, 22)	pass	1m42s	https://github.com/Odenknight/GKOS-Engine/actions/runs/34301633568/job/102309574243	
historical-contract-replay (macos-14, 22)	pass	1m31s	https://github.com/Odenknight/GKOS-Engine/actions/runs/34301637172/job/102309584691	
historical-contract-replay (macos-14, 23)	pass	1m48s	https://github.com/Odenknight/GKOS-Engine/actions/runs/34301633568/job/102309573666	
historical-contract-replay (macos-14, 23)	pass	1m35s	https://github.com/Odenknight/GKOS-Engine/actions/runs/34301637172/job/102309584685	
historical-contract-replay (macos-14, 24)	pass	1m26s	https://github.com/Odenknight/GKOS-Engine/actions/runs/34301633568/job/102309573845	
historical-contract-replay (macos-14, 24)	pass	1m53s	https://github.com/Odenknight/GKOS-Engine/actions/runs/34301637172/job/102309584696	
historical-contract-replay (ubuntu-24.04, 22)	pass	1m52s	https://github.com/Odenknight/GKOS-Engine/actions/runs/34301633568/job/102309573961	
historical-contract-replay (ubuntu-24.04, 22)	pass	1m57s	https://github.com/Odenknight/GKOS-Engine/actions/runs/34301637172/job/102309584683	
historical-contract-replay (ubuntu-24.04, 23)	pass	1m50s	https://github.com/Odenknight/GKOS-Engine/actions/runs/34301633568/job/102309573857	
historical-contract-replay (ubuntu-24.04, 23)	pass	1m47s	https://github.com/Odenknight/GKOS-Engine/actions/runs/34301637172/job/102309584678	
historical-contract-replay (ubuntu-24.04, 24)	pass	1m36s	https://github.com/Odenknight/GKOS-Engine/actions/runs/34301633568/job/102309573936	
historical-contract-replay (ubuntu-24.04, 24)	pass	1m42s	https://github.com/Odenknight/GKOS-Engine/actions/runs/34301637172/job/102309584725	
historical-contract-replay (windows-latest, 22)	pass	3m1s	https://github.com/Odenknight/GKOS-Engine/actions/runs/34301633568/job/102309573984	
historical-contract-replay (windows-latest, 22)	pass	3m7s	https://github.com/Odenknight/GKOS-Engine/actions/runs/34301637172/job/102309584521	
historical-contract-replay (windows-latest, 23)	pass	2m58s	https://github.com/Odenknight/GKOS-Engine/actions/runs/34301633568/job/102309573874	
historical-contract-replay (windows-latest, 23)	pass	2m57s	https://github.com/Odenknight/GKOS-Engine/actions/runs/34301637172/job/102309584612	
historical-contract-replay (windows-latest, 24)	pass	2m53s	https://github.com/Odenknight/GKOS-Engine/actions/runs/34301633568/job/102309573905	
historical-contract-replay (windows-latest, 24)	pass	2m35s	https://github.com/Odenknight/GKOS-Engine/actions/runs/34301637172/job/102309584690	
native-no-change (ubuntu-24.04, 22)	pass	24s	https://github.com/Odenknight/GKOS-Engine/actions/runs/34301637127/job/102309584153	
native-no-change (ubuntu-24.04, 24)	pass	22s	https://github.com/Odenknight/GKOS-Engine/actions/runs/34301637127/job/102309584036	
native-no-change (windows-latest, 22)	pass	1m15s	https://github.com/Odenknight/GKOS-Engine/actions/runs/34301637127/job/102309584195	
native-no-change (windows-latest, 24)	pass	1m1s	https://github.com/Odenknight/GKOS-Engine/actions/runs/34301637127/job/102309584339	
phase5-watcher-artifact-audit	pass	25s	https://github.com/Odenknight/GKOS-Engine/actions/runs/34301633576/job/102312594950	
phase5-watcher-artifact-audit	pass	29s	https://github.com/Odenknight/GKOS-Engine/actions/runs/34301637353/job/102312860430	
phase5-watcher-linux (22)	pass	3m10s	https://github.com/Odenknight/GKOS-Engine/actions/runs/34301633576/job/102309574072	
phase5-watcher-linux (22)	pass	2m21s	https://github.com/Odenknight/GKOS-Engine/actions/runs/34301637353/job/102309585360	
phase5-watcher-linux (24)	pass	2m34s	https://github.com/Odenknight/GKOS-Engine/actions/runs/34301633576/job/102309573762	
phase5-watcher-linux (24)	pass	3m4s	https://github.com/Odenknight/GKOS-Engine/actions/runs/34301637353/job/102309585331	
phase5-watcher-linux (26)	pass	3m3s	https://github.com/Odenknight/GKOS-Engine/actions/runs/34301633576/job/102309573913	
phase5-watcher-linux (26)	pass	3m1s	https://github.com/Odenknight/GKOS-Engine/actions/runs/34301637353/job/102309585479	
phase5-watcher-windows (22)	pass	10m44s	https://github.com/Odenknight/GKOS-Engine/actions/runs/34301633576/job/102309573970	
phase5-watcher-windows (22)	pass	11m47s	https://github.com/Odenknight/GKOS-Engine/actions/runs/34301637353/job/102309585317	
phase5-watcher-windows (24)	pass	10m33s	https://github.com/Odenknight/GKOS-Engine/actions/runs/34301633576/job/102309573966	
phase5-watcher-windows (24)	pass	11m53s	https://github.com/Odenknight/GKOS-Engine/actions/runs/34301637353/job/102309585271	
phase5-watcher-windows (26)	pass	9m59s	https://github.com/Odenknight/GKOS-Engine/actions/runs/34301633576/job/102309573956	
phase5-watcher-windows (26)	pass	11m11s	https://github.com/Odenknight/GKOS-Engine/actions/runs/34301637353/job/102309585328	
current-runtime (windows-latest, 22)	pending	0	https://github.com/Odenknight/GKOS-Engine/actions/runs/34301633568/job/102310625217	
windows-retrieval-path-security (22)	pass	1m10s	https://github.com/Odenknight/GKOS-Engine/actions/runs/34301633576/job/102309574189	
windows-retrieval-path-security (24)	pass	1m46s	https://github.com/Odenknight/GKOS-Engine/actions/runs/34301633576/job/102309574039	
build (26)	pending	0	https://github.com/Odenknight/GKOS-Engine/actions/runs/34301637353/job/102309585326	
windows-retrieval-path-security (22)	pass	1m56s	https://github.com/Odenknight/GKOS-Engine/actions/runs/34301637353/job/102309585357	
windows-retrieval-path-security (26)	pass	1m12s	https://github.com/Odenknight/GKOS-Engine/actions/runs/34301633576/job/102309573962	
build (22)	pending	0	https://github.com/Odenknight/GKOS-Engine/actions/runs/34301637353/job/102309585247	
phase4-retrieval-observation-manual	skipping	0	https://github.com/Odenknight/GKOS-Engine/actions/runs/34301633576/job/102309574465	
build (24)	pending	0	https://github.com/Odenknight/GKOS-Engine/actions/runs/34301637353/job/102309585327	
phase4-retrieval-observation-manual	skipping	0	https://github.com/Odenknight/GKOS-Engine/actions/runs/34301637353/job/102309585880	
windows-retrieval-path-security (24)	pass	1m8s	https://github.com/Odenknight/GKOS-Engine/actions/runs/34301637353/job/102309585298	
build (24)	pending	0	https://github.com/Odenknight/GKOS-Engine/actions/runs/34301633576/job/102309573945	
windows-retrieval-path-security (26)	pass	57s	https://github.com/Odenknight/GKOS-Engine/actions/runs/34301637353/job/102309585106	
current-runtime (ubuntu-24.04, 26)	pending	0	https://github.com/Odenknight/GKOS-Engine/actions/runs/34301637172/job/102310880716	
build (22)	pending	0	https://github.com/Odenknight/GKOS-Engine/actions/runs/34301633576/job/102309573917	
current-runtime (windows-latest, 22)	pending	0	https://github.com/Odenknight/GKOS-Engine/actions/runs/34301637172/job/102310880584	
current-runtime (windows-latest, 24)	pending	0	https://github.com/Odenknight/GKOS-Engine/actions/runs/34301633568/job/102310625231	
current-runtime (windows-latest, 24)	pending	0	https://github.com/Odenknight/GKOS-Engine/actions/runs/34301637172/job/102310880753	
current-runtime (windows-latest, 26)	pending	0	https://github.com/Odenknight/GKOS-Engine/actions/runs/34301633568/job/102310625203	
current-runtime (windows-latest, 26)	pending	0	https://github.com/Odenknight/GKOS-Engine/actions/runs/34301637172/job/102310880650	
Refreshing checks status every 60 seconds. Press Ctrl+C to quit.

build (22)	pass	18m59s	https://github.com/Odenknight/GKOS-Engine/actions/runs/34301633576/job/102309573917	
build (24)	pass	18m19s	https://github.com/Odenknight/GKOS-Engine/actions/runs/34301633576/job/102309573945	
build (24)	pass	18m7s	https://github.com/Odenknight/GKOS-Engine/actions/runs/34301637353/job/102309585327	
build (26)	pass	17m29s	https://github.com/Odenknight/GKOS-Engine/actions/runs/34301633576/job/102309574037	
build (26)	pass	16m30s	https://github.com/Odenknight/GKOS-Engine/actions/runs/34301637353/job/102309585326	
current-2-2	pass	56s	https://github.com/Odenknight/GKOS-Engine/actions/runs/34301637137/job/102309584037	
current-runtime (ubuntu-24.04, 22)	pass	10m30s	https://github.com/Odenknight/GKOS-Engine/actions/runs/34301633568/job/102310625220	
current-runtime (ubuntu-24.04, 22)	pass	13m4s	https://github.com/Odenknight/GKOS-Engine/actions/runs/34301637172/job/102310880693	
current-runtime (ubuntu-24.04, 24)	pass	12m48s	https://github.com/Odenknight/GKOS-Engine/actions/runs/34301633568/job/102310625262	
current-runtime (ubuntu-24.04, 24)	pass	13m18s	https://github.com/Odenknight/GKOS-Engine/actions/runs/34301637172/job/102310880645	
current-runtime (ubuntu-24.04, 26)	pass	13m59s	https://github.com/Odenknight/GKOS-Engine/actions/runs/34301633568/job/102310625336	
current-runtime (ubuntu-24.04, 26)	pass	13m37s	https://github.com/Odenknight/GKOS-Engine/actions/runs/34301637172/job/102310880716	
historical-contract-replay (macos-14, 22)	pass	1m42s	https://github.com/Odenknight/GKOS-Engine/actions/runs/34301633568/job/102309574243	
historical-contract-replay (macos-14, 22)	pass	1m31s	https://github.com/Odenknight/GKOS-Engine/actions/runs/34301637172/job/102309584691	
historical-contract-replay (macos-14, 23)	pass	1m48s	https://github.com/Odenknight/GKOS-Engine/actions/runs/34301633568/job/102309573666	
historical-contract-replay (macos-14, 23)	pass	1m35s	https://github.com/Odenknight/GKOS-Engine/actions/runs/34301637172/job/102309584685	
historical-contract-replay (macos-14, 24)	pass	1m26s	https://github.com/Odenknight/GKOS-Engine/actions/runs/34301633568/job/102309573845	
historical-contract-replay (macos-14, 24)	pass	1m53s	https://github.com/Odenknight/GKOS-Engine/actions/runs/34301637172/job/102309584696	
historical-contract-replay (ubuntu-24.04, 22)	pass	1m52s	https://github.com/Odenknight/GKOS-Engine/actions/runs/34301633568/job/102309573961	
historical-contract-replay (ubuntu-24.04, 22)	pass	1m57s	https://github.com/Odenknight/GKOS-Engine/actions/runs/34301637172/job/102309584683	
historical-contract-replay (ubuntu-24.04, 23)	pass	1m50s	https://github.com/Odenknight/GKOS-Engine/actions/runs/34301633568/job/102309573857	
historical-contract-replay (ubuntu-24.04, 23)	pass	1m47s	https://github.com/Odenknight/GKOS-Engine/actions/runs/34301637172/job/102309584678	
historical-contract-replay (ubuntu-24.04, 24)	pass	1m36s	https://github.com/Odenknight/GKOS-Engine/actions/runs/34301633568/job/102309573936	
historical-contract-replay (ubuntu-24.04, 24)	pass	1m42s	https://github.com/Odenknight/GKOS-Engine/actions/runs/34301637172/job/102309584725	
historical-contract-replay (windows-latest, 22)	pass	3m1s	https://github.com/Odenknight/GKOS-Engine/actions/runs/34301633568/job/102309573984	
historical-contract-replay (windows-latest, 22)	pass	3m7s	https://github.com/Odenknight/GKOS-Engine/actions/runs/34301637172/job/102309584521	
historical-contract-replay (windows-latest, 23)	pass	2m58s	https://github.com/Odenknight/GKOS-Engine/actions/runs/34301633568/job/102309573874	
historical-contract-replay (windows-latest, 23)	pass	2m57s	https://github.com/Odenknight/GKOS-Engine/actions/runs/34301637172/job/102309584612	
historical-contract-replay (windows-latest, 24)	pass	2m53s	https://github.com/Odenknight/GKOS-Engine/actions/runs/34301633568/job/102309573905	
historical-contract-replay (windows-latest, 24)	pass	2m35s	https://github.com/Odenknight/GKOS-Engine/actions/runs/34301637172/job/102309584690	
native-no-change (ubuntu-24.04, 22)	pass	24s	https://github.com/Odenknight/GKOS-Engine/actions/runs/34301637127/job/102309584153	
native-no-change (ubuntu-24.04, 24)	pass	22s	https://github.com/Odenknight/GKOS-Engine/actions/runs/34301637127/job/102309584036	
native-no-change (windows-latest, 22)	pass	1m15s	https://github.com/Odenknight/GKOS-Engine/actions/runs/34301637127/job/102309584195	
native-no-change (windows-latest, 24)	pass	1m1s	https://github.com/Odenknight/GKOS-Engine/actions/runs/34301637127/job/102309584339	
phase5-watcher-artifact-audit	pass	25s	https://github.com/Odenknight/GKOS-Engine/actions/runs/34301633576/job/102312594950	
phase5-watcher-artifact-audit	pass	29s	https://github.com/Odenknight/GKOS-Engine/actions/runs/34301637353/job/102312860430	
phase5-watcher-linux (22)	pass	3m10s	https://github.com/Odenknight/GKOS-Engine/actions/runs/34301633576/job/102309574072	
phase5-watcher-linux (22)	pass	2m21s	https://github.com/Odenknight/GKOS-Engine/actions/runs/34301637353/job/102309585360	
phase5-watcher-linux (24)	pass	2m34s	https://github.com/Odenknight/GKOS-Engine/actions/runs/34301633576/job/102309573762	
phase5-watcher-linux (24)	pass	3m4s	https://github.com/Odenknight/GKOS-Engine/actions/runs/34301637353/job/102309585331	
phase5-watcher-linux (26)	pass	3m3s	https://github.com/Odenknight/GKOS-Engine/actions/runs/34301633576/job/102309573913	
phase5-watcher-linux (26)	pass	3m1s	https://github.com/Odenknight/GKOS-Engine/actions/runs/34301637353/job/102309585479	
phase5-watcher-windows (22)	pass	10m44s	https://github.com/Odenknight/GKOS-Engine/actions/runs/34301633576/job/102309573970	
phase5-watcher-windows (22)	pass	11m47s	https://github.com/Odenknight/GKOS-Engine/actions/runs/34301637353/job/102309585317	
phase5-watcher-windows (24)	pass	10m33s	https://github.com/Odenknight/GKOS-Engine/actions/runs/34301633576/job/102309573966	
phase5-watcher-windows (24)	pass	11m53s	https://github.com/Odenknight/GKOS-Engine/actions/runs/34301637353/job/102309585271	
phase5-watcher-windows (26)	pass	9m59s	https://github.com/Odenknight/GKOS-Engine/actions/runs/34301633576/job/102309573956	
phase5-watcher-windows (26)	pass	11m11s	https://github.com/Odenknight/GKOS-Engine/actions/runs/34301637353/job/102309585328	
windows-retrieval-path-security (22)	pass	1m10s	https://github.com/Odenknight/GKOS-Engine/actions/runs/34301633576/job/102309574189	
windows-retrieval-path-security (22)	pass	1m56s	https://github.com/Odenknight/GKOS-Engine/actions/runs/34301637353/job/102309585357	
windows-retrieval-path-security (24)	pass	1m46s	https://github.com/Odenknight/GKOS-Engine/actions/runs/34301633576/job/102309574039	
windows-retrieval-path-security (24)	pass	1m8s	https://github.com/Odenknight/GKOS-Engine/actions/runs/34301637353/job/102309585298	
build (22)	pending	0	https://github.com/Odenknight/GKOS-Engine/actions/runs/34301637353/job/102309585247	
current-runtime (windows-latest, 22)	pending	0	https://github.com/Odenknight/GKOS-Engine/actions/runs/34301633568/job/102310625217	
current-runtime (windows-latest, 24)	pending	0	https://github.com/Odenknight/GKOS-Engine/actions/runs/34301633568/job/102310625231	
windows-retrieval-path-security (26)	pass	57s	https://github.com/Odenknight/GKOS-Engine/actions/runs/34301637353/job/102309585106	
current-runtime (windows-latest, 22)	pending	0	https://github.com/Odenknight/GKOS-Engine/actions/runs/34301637172/job/102310880584	
current-runtime (windows-latest, 24)	pending	0	https://github.com/Odenknight/GKOS-Engine/actions/runs/34301637172/job/102310880753	
current-runtime (windows-latest, 26)	pending	0	https://github.com/Odenknight/GKOS-Engine/actions/runs/34301633568/job/102310625203	
current-runtime (windows-latest, 26)	pending	0	https://github.com/Odenknight/GKOS-Engine/actions/runs/34301637172/job/102310880650	
windows-retrieval-path-security (26)	pass	1m12s	https://github.com/Odenknight/GKOS-Engine/actions/runs/34301633576/job/102309573962	
phase4-retrieval-observation-manual	skipping	0	https://github.com/Odenknight/GKOS-Engine/actions/runs/34301633576/job/102309574465	
phase4-retrieval-observation-manual	skipping	0	https://github.com/Odenknight/GKOS-Engine/actions/runs/34301637353/job/102309585880	
Refreshing checks status every 60 seconds. Press Ctrl+C to quit.

build (22)	pass	18m59s	https://github.com/Odenknight/GKOS-Engine/actions/runs/34301633576/job/102309573917	
build (22)	pass	19m28s	https://github.com/Odenknight/GKOS-Engine/actions/runs/34301637353/job/102309585247	
build (24)	pass	18m19s	https://github.com/Odenknight/GKOS-Engine/actions/runs/34301633576/job/102309573945	
build (24)	pass	18m7s	https://github.com/Odenknight/GKOS-Engine/actions/runs/34301637353/job/102309585327	
build (26)	pass	17m29s	https://github.com/Odenknight/GKOS-Engine/actions/runs/34301633576/job/102309574037	
build (26)	pass	16m30s	https://github.com/Odenknight/GKOS-Engine/actions/runs/34301637353/job/102309585326	
current-2-2	pass	56s	https://github.com/Odenknight/GKOS-Engine/actions/runs/34301637137/job/102309584037	
current-runtime (ubuntu-24.04, 22)	pass	10m30s	https://github.com/Odenknight/GKOS-Engine/actions/runs/34301633568/job/102310625220	
current-runtime (ubuntu-24.04, 22)	pass	13m4s	https://github.com/Odenknight/GKOS-Engine/actions/runs/34301637172/job/102310880693	
current-runtime (ubuntu-24.04, 24)	pass	12m48s	https://github.com/Odenknight/GKOS-Engine/actions/runs/34301633568/job/102310625262	
current-runtime (ubuntu-24.04, 24)	pass	13m18s	https://github.com/Odenknight/GKOS-Engine/actions/runs/34301637172/job/102310880645	
current-runtime (ubuntu-24.04, 26)	pass	13m59s	https://github.com/Odenknight/GKOS-Engine/actions/runs/34301633568/job/102310625336	
current-runtime (ubuntu-24.04, 26)	pass	13m37s	https://github.com/Odenknight/GKOS-Engine/actions/runs/34301637172/job/102310880716	
historical-contract-replay (macos-14, 22)	pass	1m42s	https://github.com/Odenknight/GKOS-Engine/actions/runs/34301633568/job/102309574243	
historical-contract-replay (macos-14, 22)	pass	1m31s	https://github.com/Odenknight/GKOS-Engine/actions/runs/34301637172/job/102309584691	
historical-contract-replay (macos-14, 23)	pass	1m48s	https://github.com/Odenknight/GKOS-Engine/actions/runs/34301633568/job/102309573666	
historical-contract-replay (macos-14, 23)	pass	1m35s	https://github.com/Odenknight/GKOS-Engine/actions/runs/34301637172/job/102309584685	
historical-contract-replay (macos-14, 24)	pass	1m26s	https://github.com/Odenknight/GKOS-Engine/actions/runs/34301633568/job/102309573845	
historical-contract-replay (macos-14, 24)	pass	1m53s	https://github.com/Odenknight/GKOS-Engine/actions/runs/34301637172/job/102309584696	
historical-contract-replay (ubuntu-24.04, 22)	pass	1m52s	https://github.com/Odenknight/GKOS-Engine/actions/runs/34301633568/job/102309573961	
historical-contract-replay (ubuntu-24.04, 22)	pass	1m57s	https://github.com/Odenknight/GKOS-Engine/actions/runs/34301637172/job/102309584683	
historical-contract-replay (ubuntu-24.04, 23)	pass	1m50s	https://github.com/Odenknight/GKOS-Engine/actions/runs/34301633568/job/102309573857	
historical-contract-replay (ubuntu-24.04, 23)	pass	1m47s	https://github.com/Odenknight/GKOS-Engine/actions/runs/34301637172/job/102309584678	
historical-contract-replay (ubuntu-24.04, 24)	pass	1m36s	https://github.com/Odenknight/GKOS-Engine/actions/runs/34301633568/job/102309573936	
historical-contract-replay (ubuntu-24.04, 24)	pass	1m42s	https://github.com/Odenknight/GKOS-Engine/actions/runs/34301637172/job/102309584725	
historical-contract-replay (windows-latest, 22)	pass	3m1s	https://github.com/Odenknight/GKOS-Engine/actions/runs/34301633568/job/102309573984	
historical-contract-replay (windows-latest, 22)	pass	3m7s	https://github.com/Odenknight/GKOS-Engine/actions/runs/34301637172/job/102309584521	
historical-contract-replay (windows-latest, 23)	pass	2m58s	https://github.com/Odenknight/GKOS-Engine/actions/runs/34301633568/job/102309573874	
historical-contract-replay (windows-latest, 23)	pass	2m57s	https://github.com/Odenknight/GKOS-Engine/actions/runs/34301637172/job/102309584612	
historical-contract-replay (windows-latest, 24)	pass	2m53s	https://github.com/Odenknight/GKOS-Engine/actions/runs/34301633568/job/102309573905	
historical-contract-replay (windows-latest, 24)	pass	2m35s	https://github.com/Odenknight/GKOS-Engine/actions/runs/34301637172/job/102309584690	
native-no-change (ubuntu-24.04, 22)	pass	24s	https://github.com/Odenknight/GKOS-Engine/actions/runs/34301637127/job/102309584153	
native-no-change (ubuntu-24.04, 24)	pass	22s	https://github.com/Odenknight/GKOS-Engine/actions/runs/34301637127/job/102309584036	
native-no-change (windows-latest, 22)	pass	1m15s	https://github.com/Odenknight/GKOS-Engine/actions/runs/34301637127/job/102309584195	
native-no-change (windows-latest, 24)	pass	1m1s	https://github.com/Odenknight/GKOS-Engine/actions/runs/34301637127/job/102309584339	
phase5-watcher-artifact-audit	pass	25s	https://github.com/Odenknight/GKOS-Engine/actions/runs/34301633576/job/102312594950	
phase5-watcher-artifact-audit	pass	29s	https://github.com/Odenknight/GKOS-Engine/actions/runs/34301637353/job/102312860430	
phase5-watcher-linux (22)	pass	3m10s	https://github.com/Odenknight/GKOS-Engine/actions/runs/34301633576/job/102309574072	
phase5-watcher-linux (22)	pass	2m21s	https://github.com/Odenknight/GKOS-Engine/actions/runs/34301637353/job/102309585360	
phase5-watcher-linux (24)	pass	2m34s	https://github.com/Odenknight/GKOS-Engine/actions/runs/34301633576/job/102309573762	
phase5-watcher-linux (24)	pass	3m4s	https://github.com/Odenknight/GKOS-Engine/actions/runs/34301637353/job/102309585331	
phase5-watcher-linux (26)	pass	3m3s	https://github.com/Odenknight/GKOS-Engine/actions/runs/34301633576/job/102309573913	
phase5-watcher-linux (26)	pass	3m1s	https://github.com/Odenknight/GKOS-Engine/actions/runs/34301637353/job/102309585479	
phase5-watcher-windows (22)	pass	10m44s	https://github.com/Odenknight/GKOS-Engine/actions/runs/34301633576/job/102309573970	
phase5-watcher-windows (22)	pass	11m47s	https://github.com/Odenknight/GKOS-Engine/actions/runs/34301637353/job/102309585317	
phase5-watcher-windows (24)	pass	10m33s	https://github.com/Odenknight/GKOS-Engine/actions/runs/34301633576/job/102309573966	
phase5-watcher-windows (24)	pass	11m53s	https://github.com/Odenknight/GKOS-Engine/actions/runs/34301637353/job/102309585271	
phase5-watcher-windows (26)	pass	9m59s	https://github.com/Odenknight/GKOS-Engine/actions/runs/34301633576/job/102309573956	
phase5-watcher-windows (26)	pass	11m11s	https://github.com/Odenknight/GKOS-Engine/actions/runs/34301637353/job/102309585328	
windows-retrieval-path-security (22)	pass	1m10s	https://github.com/Odenknight/GKOS-Engine/actions/runs/34301633576/job/102309574189	
windows-retrieval-path-security (22)	pass	1m56s	https://github.com/Odenknight/GKOS-Engine/actions/runs/34301637353/job/102309585357	
current-runtime (windows-latest, 22)	pending	0	https://github.com/Odenknight/GKOS-Engine/actions/runs/34301633568/job/102310625217	
windows-retrieval-path-security (24)	pass	1m8s	https://github.com/Odenknight/GKOS-Engine/actions/runs/34301637353/job/102309585298	
current-runtime (windows-latest, 24)	pending	0	https://github.com/Odenknight/GKOS-Engine/actions/runs/34301633568/job/102310625231	
windows-retrieval-path-security (26)	pass	1m12s	https://github.com/Odenknight/GKOS-Engine/actions/runs/34301633576/job/102309573962	
windows-retrieval-path-security (26)	pass	57s	https://github.com/Odenknight/GKOS-Engine/actions/runs/34301637353/job/102309585106	
current-runtime (windows-latest, 22)	pending	0	https://github.com/Odenknight/GKOS-Engine/actions/runs/34301637172/job/102310880584	
current-runtime (windows-latest, 24)	pending	0	https://github.com/Odenknight/GKOS-Engine/actions/runs/34301637172/job/102310880753	
current-runtime (windows-latest, 26)	pending	0	https://github.com/Odenknight/GKOS-Engine/actions/runs/34301633568/job/102310625203	
current-runtime (windows-latest, 26)	pending	0	https://github.com/Odenknight/GKOS-Engine/actions/runs/34301637172/job/102310880650	
windows-retrieval-path-security (24)	pass	1m46s	https://github.com/Odenknight/GKOS-Engine/actions/runs/34301633576/job/102309574039	
phase4-retrieval-observation-manual	skipping	0	https://github.com/Odenknight/GKOS-Engine/actions/runs/34301633576/job/102309574465	
phase4-retrieval-observation-manual	skipping	0	https://github.com/Odenknight/GKOS-Engine/actions/runs/34301637353/job/102309585880	
Refreshing checks status every 60 seconds. Press Ctrl+C to quit.

build (22)	pass	18m59s	https://github.com/Odenknight/GKOS-Engine/actions/runs/34301633576/job/102309573917	
build (22)	pass	19m28s	https://github.com/Odenknight/GKOS-Engine/actions/runs/34301637353/job/102309585247	
build (24)	pass	18m19s	https://github.com/Odenknight/GKOS-Engine/actions/runs/34301633576/job/102309573945	
build (24)	pass	18m7s	https://github.com/Odenknight/GKOS-Engine/actions/runs/34301637353/job/102309585327	
build (26)	pass	17m29s	https://github.com/Odenknight/GKOS-Engine/actions/runs/34301633576/job/102309574037	
build (26)	pass	16m30s	https://github.com/Odenknight/GKOS-Engine/actions/runs/34301637353/job/102309585326	
current-2-2	pass	56s	https://github.com/Odenknight/GKOS-Engine/actions/runs/34301637137/job/102309584037	
current-runtime (ubuntu-24.04, 22)	pass	10m30s	https://github.com/Odenknight/GKOS-Engine/actions/runs/34301633568/job/102310625220	
current-runtime (ubuntu-24.04, 22)	pass	13m4s	https://github.com/Odenknight/GKOS-Engine/actions/runs/34301637172/job/102310880693	
current-runtime (ubuntu-24.04, 24)	pass	12m48s	https://github.com/Odenknight/GKOS-Engine/actions/runs/34301633568/job/102310625262	
current-runtime (ubuntu-24.04, 24)	pass	13m18s	https://github.com/Odenknight/GKOS-Engine/actions/runs/34301637172/job/102310880645	
current-runtime (ubuntu-24.04, 26)	pass	13m59s	https://github.com/Odenknight/GKOS-Engine/actions/runs/34301633568/job/102310625336	
current-runtime (ubuntu-24.04, 26)	pass	13m37s	https://github.com/Odenknight/GKOS-Engine/actions/runs/34301637172/job/102310880716	
historical-contract-replay (macos-14, 22)	pass	1m42s	https://github.com/Odenknight/GKOS-Engine/actions/runs/34301633568/job/102309574243	
historical-contract-replay (macos-14, 22)	pass	1m31s	https://github.com/Odenknight/GKOS-Engine/actions/runs/34301637172/job/102309584691	
historical-contract-replay (macos-14, 23)	pass	1m48s	https://github.com/Odenknight/GKOS-Engine/actions/runs/34301633568/job/102309573666	
historical-contract-replay (macos-14, 23)	pass	1m35s	https://github.com/Odenknight/GKOS-Engine/actions/runs/34301637172/job/102309584685	
historical-contract-replay (macos-14, 24)	pass	1m26s	https://github.com/Odenknight/GKOS-Engine/actions/runs/34301633568/job/102309573845	
historical-contract-replay (macos-14, 24)	pass	1m53s	https://github.com/Odenknight/GKOS-Engine/actions/runs/34301637172/job/102309584696	
historical-contract-replay (ubuntu-24.04, 22)	pass	1m52s	https://github.com/Odenknight/GKOS-Engine/actions/runs/34301633568/job/102309573961	
historical-contract-replay (ubuntu-24.04, 22)	pass	1m57s	https://github.com/Odenknight/GKOS-Engine/actions/runs/34301637172/job/102309584683	
historical-contract-replay (ubuntu-24.04, 23)	pass	1m50s	https://github.com/Odenknight/GKOS-Engine/actions/runs/34301633568/job/102309573857	
historical-contract-replay (ubuntu-24.04, 23)	pass	1m47s	https://github.com/Odenknight/GKOS-Engine/actions/runs/34301637172/job/102309584678	
historical-contract-replay (ubuntu-24.04, 24)	pass	1m36s	https://github.com/Odenknight/GKOS-Engine/actions/runs/34301633568/job/102309573936	
historical-contract-replay (ubuntu-24.04, 24)	pass	1m42s	https://github.com/Odenknight/GKOS-Engine/actions/runs/34301637172/job/102309584725	
historical-contract-replay (windows-latest, 22)	pass	3m1s	https://github.com/Odenknight/GKOS-Engine/actions/runs/34301633568/job/102309573984	
historical-contract-replay (windows-latest, 22)	pass	3m7s	https://github.com/Odenknight/GKOS-Engine/actions/runs/34301637172/job/102309584521	
historical-contract-replay (windows-latest, 23)	pass	2m58s	https://github.com/Odenknight/GKOS-Engine/actions/runs/34301633568/job/102309573874	
historical-contract-replay (windows-latest, 23)	pass	2m57s	https://github.com/Odenknight/GKOS-Engine/actions/runs/34301637172/job/102309584612	
historical-contract-replay (windows-latest, 24)	pass	2m53s	https://github.com/Odenknight/GKOS-Engine/actions/runs/34301633568/job/102309573905	
historical-contract-replay (windows-latest, 24)	pass	2m35s	https://github.com/Odenknight/GKOS-Engine/actions/runs/34301637172/job/102309584690	
native-no-change (ubuntu-24.04, 22)	pass	24s	https://github.com/Odenknight/GKOS-Engine/actions/runs/34301637127/job/102309584153	
native-no-change (ubuntu-24.04, 24)	pass	22s	https://github.com/Odenknight/GKOS-Engine/actions/runs/34301637127/job/102309584036	
native-no-change (windows-latest, 22)	pass	1m15s	https://github.com/Odenknight/GKOS-Engine/actions/runs/34301637127/job/102309584195	
native-no-change (windows-latest, 24)	pass	1m1s	https://github.com/Odenknight/GKOS-Engine/actions/runs/34301637127/job/102309584339	
phase5-watcher-artifact-audit	pass	25s	https://github.com/Odenknight/GKOS-Engine/actions/runs/34301633576/job/102312594950	
phase5-watcher-artifact-audit	pass	29s	https://github.com/Odenknight/GKOS-Engine/actions/runs/34301637353/job/102312860430	
phase5-watcher-linux (22)	pass	3m10s	https://github.com/Odenknight/GKOS-Engine/actions/runs/34301633576/job/102309574072	
phase5-watcher-linux (22)	pass	2m21s	https://github.com/Odenknight/GKOS-Engine/actions/runs/34301637353/job/102309585360	
phase5-watcher-linux (24)	pass	2m34s	https://github.com/Odenknight/GKOS-Engine/actions/runs/34301633576/job/102309573762	
phase5-watcher-linux (24)	pass	3m4s	https://github.com/Odenknight/GKOS-Engine/actions/runs/34301637353/job/102309585331	
phase5-watcher-linux (26)	pass	3m3s	https://github.com/Odenknight/GKOS-Engine/actions/runs/34301633576/job/102309573913	
phase5-watcher-linux (26)	pass	3m1s	https://github.com/Odenknight/GKOS-Engine/actions/runs/34301637353/job/102309585479	
phase5-watcher-windows (22)	pass	10m44s	https://github.com/Odenknight/GKOS-Engine/actions/runs/34301633576/job/102309573970	
phase5-watcher-windows (22)	pass	11m47s	https://github.com/Odenknight/GKOS-Engine/actions/runs/34301637353/job/102309585317	
phase5-watcher-windows (24)	pass	10m33s	https://github.com/Odenknight/GKOS-Engine/actions/runs/34301633576/job/102309573966	
phase5-watcher-windows (24)	pass	11m53s	https://github.com/Odenknight/GKOS-Engine/actions/runs/34301637353/job/102309585271	
phase5-watcher-windows (26)	pass	9m59s	https://github.com/Odenknight/GKOS-Engine/actions/runs/34301633576/job/102309573956	
phase5-watcher-windows (26)	pass	11m11s	https://github.com/Odenknight/GKOS-Engine/actions/runs/34301637353/job/102309585328	
windows-retrieval-path-security (22)	pass	1m10s	https://github.com/Odenknight/GKOS-Engine/actions/runs/34301633576/job/102309574189	
windows-retrieval-path-security (22)	pass	1m56s	https://github.com/Odenknight/GKOS-Engine/actions/runs/34301637353/job/102309585357	
current-runtime (windows-latest, 22)	pending	0	https://github.com/Odenknight/GKOS-Engine/actions/runs/34301633568/job/102310625217	
windows-retrieval-path-security (24)	pass	1m8s	https://github.com/Odenknight/GKOS-Engine/actions/runs/34301637353/job/102309585298	
current-runtime (windows-latest, 24)	pending	0	https://github.com/Odenknight/GKOS-Engine/actions/runs/34301633568/job/102310625231	
windows-retrieval-path-security (26)	pass	1m12s	https://github.com/Odenknight/GKOS-Engine/actions/runs/34301633576/job/102309573962	
windows-retrieval-path-security (26)	pass	57s	https://github.com/Odenknight/GKOS-Engine/actions/runs/34301637353/job/102309585106	
current-runtime (windows-latest, 22)	pending	0	https://github.com/Odenknight/GKOS-Engine/actions/runs/34301637172/job/102310880584	
current-runtime (windows-latest, 24)	pending	0	https://github.com/Odenknight/GKOS-Engine/actions/runs/34301637172/job/102310880753	
current-runtime (windows-latest, 26)	pending	0	https://github.com/Odenknight/GKOS-Engine/actions/runs/34301633568/job/102310625203	
current-runtime (windows-latest, 26)	pending	0	https://github.com/Odenknight/GKOS-Engine/actions/runs/34301637172/job/102310880650	
windows-retrieval-path-security (24)	pass	1m46s	https://github.com/Odenknight/GKOS-Engine/actions/runs/34301633576/job/102309574039	
phase4-retrieval-observation-manual	skipping	0	https://github.com/Odenknight/GKOS-Engine/actions/runs/34301633576/job/102309574465	
phase4-retrieval-observation-manual	skipping	0	https://github.com/Odenknight/GKOS-Engine/actions/runs/34301637353/job/102309585880	
Refreshing checks status every 60 seconds. Press Ctrl+C to quit.

build (22)	pass	18m59s	https://github.com/Odenknight/GKOS-Engine/actions/runs/34301633576/job/102309573917	
build (22)	pass	19m28s	https://github.com/Odenknight/GKOS-Engine/actions/runs/34301637353/job/102309585247	
build (24)	pass	18m19s	https://github.com/Odenknight/GKOS-Engine/actions/runs/34301633576/job/102309573945	
build (24)	pass	18m7s	https://github.com/Odenknight/GKOS-Engine/actions/runs/34301637353/job/102309585327	
build (26)	pass	17m29s	https://github.com/Odenknight/GKOS-Engine/actions/runs/34301633576/job/102309574037	
build (26)	pass	16m30s	https://github.com/Odenknight/GKOS-Engine/actions/runs/34301637353/job/102309585326	
current-2-2	pass	56s	https://github.com/Odenknight/GKOS-Engine/actions/runs/34301637137/job/102309584037	
current-runtime (ubuntu-24.04, 22)	pass	10m30s	https://github.com/Odenknight/GKOS-Engine/actions/runs/34301633568/job/102310625220	
current-runtime (ubuntu-24.04, 22)	pass	13m4s	https://github.com/Odenknight/GKOS-Engine/actions/runs/34301637172/job/102310880693	
current-runtime (ubuntu-24.04, 24)	pass	12m48s	https://github.com/Odenknight/GKOS-Engine/actions/runs/34301633568/job/102310625262	
current-runtime (ubuntu-24.04, 24)	pass	13m18s	https://github.com/Odenknight/GKOS-Engine/actions/runs/34301637172/job/102310880645	
current-runtime (ubuntu-24.04, 26)	pass	13m59s	https://github.com/Odenknight/GKOS-Engine/actions/runs/34301633568/job/102310625336	
current-runtime (ubuntu-24.04, 26)	pass	13m37s	https://github.com/Odenknight/GKOS-Engine/actions/runs/34301637172/job/102310880716	
historical-contract-replay (macos-14, 22)	pass	1m42s	https://github.com/Odenknight/GKOS-Engine/actions/runs/34301633568/job/102309574243	
historical-contract-replay (macos-14, 22)	pass	1m31s	https://github.com/Odenknight/GKOS-Engine/actions/runs/34301637172/job/102309584691	
historical-contract-replay (macos-14, 23)	pass	1m48s	https://github.com/Odenknight/GKOS-Engine/actions/runs/34301633568/job/102309573666	
historical-contract-replay (macos-14, 23)	pass	1m35s	https://github.com/Odenknight/GKOS-Engine/actions/runs/34301637172/job/102309584685	
historical-contract-replay (macos-14, 24)	pass	1m26s	https://github.com/Odenknight/GKOS-Engine/actions/runs/34301633568/job/102309573845	
historical-contract-replay (macos-14, 24)	pass	1m53s	https://github.com/Odenknight/GKOS-Engine/actions/runs/34301637172/job/102309584696	
historical-contract-replay (ubuntu-24.04, 22)	pass	1m52s	https://github.com/Odenknight/GKOS-Engine/actions/runs/34301633568/job/102309573961	
historical-contract-replay (ubuntu-24.04, 22)	pass	1m57s	https://github.com/Odenknight/GKOS-Engine/actions/runs/34301637172/job/102309584683	
historical-contract-replay (ubuntu-24.04, 23)	pass	1m50s	https://github.com/Odenknight/GKOS-Engine/actions/runs/34301633568/job/102309573857	
historical-contract-replay (ubuntu-24.04, 23)	pass	1m47s	https://github.com/Odenknight/GKOS-Engine/actions/runs/34301637172/job/102309584678	
historical-contract-replay (ubuntu-24.04, 24)	pass	1m36s	https://github.com/Odenknight/GKOS-Engine/actions/runs/34301633568/job/102309573936	
historical-contract-replay (ubuntu-24.04, 24)	pass	1m42s	https://github.com/Odenknight/GKOS-Engine/actions/runs/34301637172/job/102309584725	
historical-contract-replay (windows-latest, 22)	pass	3m1s	https://github.com/Odenknight/GKOS-Engine/actions/runs/34301633568/job/102309573984	
historical-contract-replay (windows-latest, 22)	pass	3m7s	https://github.com/Odenknight/GKOS-Engine/actions/runs/34301637172/job/102309584521	
historical-contract-replay (windows-latest, 23)	pass	2m58s	https://github.com/Odenknight/GKOS-Engine/actions/runs/34301633568/job/102309573874	
historical-contract-replay (windows-latest, 23)	pass	2m57s	https://github.com/Odenknight/GKOS-Engine/actions/runs/34301637172/job/102309584612	
historical-contract-replay (windows-latest, 24)	pass	2m53s	https://github.com/Odenknight/GKOS-Engine/actions/runs/34301633568/job/102309573905	
historical-contract-replay (windows-latest, 24)	pass	2m35s	https://github.com/Odenknight/GKOS-Engine/actions/runs/34301637172/job/102309584690	
native-no-change (ubuntu-24.04, 22)	pass	24s	https://github.com/Odenknight/GKOS-Engine/actions/runs/34301637127/job/102309584153	
native-no-change (ubuntu-24.04, 24)	pass	22s	https://github.com/Odenknight/GKOS-Engine/actions/runs/34301637127/job/102309584036	
native-no-change (windows-latest, 22)	pass	1m15s	https://github.com/Odenknight/GKOS-Engine/actions/runs/34301637127/job/102309584195	
native-no-change (windows-latest, 24)	pass	1m1s	https://github.com/Odenknight/GKOS-Engine/actions/runs/34301637127/job/102309584339	
phase5-watcher-artifact-audit	pass	25s	https://github.com/Odenknight/GKOS-Engine/actions/runs/34301633576/job/102312594950	
phase5-watcher-artifact-audit	pass	29s	https://github.com/Odenknight/GKOS-Engine/actions/runs/34301637353/job/102312860430	
phase5-watcher-linux (22)	pass	3m10s	https://github.com/Odenknight/GKOS-Engine/actions/runs/34301633576/job/102309574072	
phase5-watcher-linux (22)	pass	2m21s	https://github.com/Odenknight/GKOS-Engine/actions/runs/34301637353/job/102309585360	
phase5-watcher-linux (24)	pass	2m34s	https://github.com/Odenknight/GKOS-Engine/actions/runs/34301633576/job/102309573762	
phase5-watcher-linux (24)	pass	3m4s	https://github.com/Odenknight/GKOS-Engine/actions/runs/34301637353/job/102309585331	
phase5-watcher-linux (26)	pass	3m3s	https://github.com/Odenknight/GKOS-Engine/actions/runs/34301633576/job/102309573913	
phase5-watcher-linux (26)	pass	3m1s	https://github.com/Odenknight/GKOS-Engine/actions/runs/34301637353/job/102309585479	
phase5-watcher-windows (22)	pass	10m44s	https://github.com/Odenknight/GKOS-Engine/actions/runs/34301633576/job/102309573970	
phase5-watcher-windows (22)	pass	11m47s	https://github.com/Odenknight/GKOS-Engine/actions/runs/34301637353/job/102309585317	
phase5-watcher-windows (24)	pass	10m33s	https://github.com/Odenknight/GKOS-Engine/actions/runs/34301633576/job/102309573966	
phase5-watcher-windows (24)	pass	11m53s	https://github.com/Odenknight/GKOS-Engine/actions/runs/34301637353/job/102309585271	
phase5-watcher-windows (26)	pass	9m59s	https://github.com/Odenknight/GKOS-Engine/actions/runs/34301633576/job/102309573956	
phase5-watcher-windows (26)	pass	11m11s	https://github.com/Odenknight/GKOS-Engine/actions/runs/34301637353/job/102309585328	
windows-retrieval-path-security (22)	pass	1m10s	https://github.com/Odenknight/GKOS-Engine/actions/runs/34301633576/job/102309574189	
windows-retrieval-path-security (22)	pass	1m56s	https://github.com/Odenknight/GKOS-Engine/actions/runs/34301637353/job/102309585357	
current-runtime (windows-latest, 22)	pending	0	https://github.com/Odenknight/GKOS-Engine/actions/runs/34301633568/job/102310625217	
windows-retrieval-path-security (24)	pass	1m8s	https://github.com/Odenknight/GKOS-Engine/actions/runs/34301637353/job/102309585298	
current-runtime (windows-latest, 24)	pending	0	https://github.com/Odenknight/GKOS-Engine/actions/runs/34301633568/job/102310625231	
windows-retrieval-path-security (26)	pass	1m12s	https://github.com/Odenknight/GKOS-Engine/actions/runs/34301633576/job/102309573962	
windows-retrieval-path-security (26)	pass	57s	https://github.com/Odenknight/GKOS-Engine/actions/runs/34301637353/job/102309585106	
current-runtime (windows-latest, 22)	pending	0	https://github.com/Odenknight/GKOS-Engine/actions/runs/34301637172/job/102310880584	
current-runtime (windows-latest, 24)	pending	0	https://github.com/Odenknight/GKOS-Engine/actions/runs/34301637172/job/102310880753	
current-runtime (windows-latest, 26)	pending	0	https://github.com/Odenknight/GKOS-Engine/actions/runs/34301633568/job/102310625203	
current-runtime (windows-latest, 26)	pending	0	https://github.com/Odenknight/GKOS-Engine/actions/runs/34301637172/job/102310880650	
windows-retrieval-path-security (24)	pass	1m46s	https://github.com/Odenknight/GKOS-Engine/actions/runs/34301633576/job/102309574039	
phase4-retrieval-observation-manual	skipping	0	https://github.com/Odenknight/GKOS-Engine/actions/runs/34301633576/job/102309574465	
phase4-retrieval-observation-manual	skipping	0	https://github.com/Odenknight/GKOS-Engine/actions/runs/34301637353/job/102309585880	
Refreshing checks status every 60 seconds. Press Ctrl+C to quit.

build (22)	pass	18m59s	https://github.com/Odenknight/GKOS-Engine/actions/runs/34301633576/job/102309573917	
build (22)	pass	19m28s	https://github.com/Odenknight/GKOS-Engine/actions/runs/34301637353/job/102309585247	
build (24)	pass	18m19s	https://github.com/Odenknight/GKOS-Engine/actions/runs/34301633576/job/102309573945	
build (24)	pass	18m7s	https://github.com/Odenknight/GKOS-Engine/actions/runs/34301637353/job/102309585327	
build (26)	pass	17m29s	https://github.com/Odenknight/GKOS-Engine/actions/runs/34301633576/job/102309574037	
build (26)	pass	16m30s	https://github.com/Odenknight/GKOS-Engine/actions/runs/34301637353/job/102309585326	
current-2-2	pass	56s	https://github.com/Odenknight/GKOS-Engine/actions/runs/34301637137/job/102309584037	
current-runtime (ubuntu-24.04, 22)	pass	10m30s	https://github.com/Odenknight/GKOS-Engine/actions/runs/34301633568/job/102310625220	
current-runtime (ubuntu-24.04, 22)	pass	13m4s	https://github.com/Odenknight/GKOS-Engine/actions/runs/34301637172/job/102310880693	
current-runtime (ubuntu-24.04, 24)	pass	12m48s	https://github.com/Odenknight/GKOS-Engine/actions/runs/34301633568/job/102310625262	
current-runtime (ubuntu-24.04, 24)	pass	13m18s	https://github.com/Odenknight/GKOS-Engine/actions/runs/34301637172/job/102310880645	
current-runtime (ubuntu-24.04, 26)	pass	13m59s	https://github.com/Odenknight/GKOS-Engine/actions/runs/34301633568/job/102310625336	
current-runtime (ubuntu-24.04, 26)	pass	13m37s	https://github.com/Odenknight/GKOS-Engine/actions/runs/34301637172/job/102310880716	
historical-contract-replay (macos-14, 22)	pass	1m42s	https://github.com/Odenknight/GKOS-Engine/actions/runs/34301633568/job/102309574243	
historical-contract-replay (macos-14, 22)	pass	1m31s	https://github.com/Odenknight/GKOS-Engine/actions/runs/34301637172/job/102309584691	
historical-contract-replay (macos-14, 23)	pass	1m48s	https://github.com/Odenknight/GKOS-Engine/actions/runs/34301633568/job/102309573666	
historical-contract-replay (macos-14, 23)	pass	1m35s	https://github.com/Odenknight/GKOS-Engine/actions/runs/34301637172/job/102309584685	
historical-contract-replay (macos-14, 24)	pass	1m26s	https://github.com/Odenknight/GKOS-Engine/actions/runs/34301633568/job/102309573845	
historical-contract-replay (macos-14, 24)	pass	1m53s	https://github.com/Odenknight/GKOS-Engine/actions/runs/34301637172/job/102309584696	
historical-contract-replay (ubuntu-24.04, 22)	pass	1m52s	https://github.com/Odenknight/GKOS-Engine/actions/runs/34301633568/job/102309573961	
historical-contract-replay (ubuntu-24.04, 22)	pass	1m57s	https://github.com/Odenknight/GKOS-Engine/actions/runs/34301637172/job/102309584683	
historical-contract-replay (ubuntu-24.04, 23)	pass	1m50s	https://github.com/Odenknight/GKOS-Engine/actions/runs/34301633568/job/102309573857	
historical-contract-replay (ubuntu-24.04, 23)	pass	1m47s	https://github.com/Odenknight/GKOS-Engine/actions/runs/34301637172/job/102309584678	
historical-contract-replay (ubuntu-24.04, 24)	pass	1m36s	https://github.com/Odenknight/GKOS-Engine/actions/runs/34301633568/job/102309573936	
historical-contract-replay (ubuntu-24.04, 24)	pass	1m42s	https://github.com/Odenknight/GKOS-Engine/actions/runs/34301637172/job/102309584725	
historical-contract-replay (windows-latest, 22)	pass	3m1s	https://github.com/Odenknight/GKOS-Engine/actions/runs/34301633568/job/102309573984	
historical-contract-replay (windows-latest, 22)	pass	3m7s	https://github.com/Odenknight/GKOS-Engine/actions/runs/34301637172/job/102309584521	
historical-contract-replay (windows-latest, 23)	pass	2m58s	https://github.com/Odenknight/GKOS-Engine/actions/runs/34301633568/job/102309573874	
historical-contract-replay (windows-latest, 23)	pass	2m57s	https://github.com/Odenknight/GKOS-Engine/actions/runs/34301637172/job/102309584612	
historical-contract-replay (windows-latest, 24)	pass	2m53s	https://github.com/Odenknight/GKOS-Engine/actions/runs/34301633568/job/102309573905	
historical-contract-replay (windows-latest, 24)	pass	2m35s	https://github.com/Odenknight/GKOS-Engine/actions/runs/34301637172/job/102309584690	
native-no-change (ubuntu-24.04, 22)	pass	24s	https://github.com/Odenknight/GKOS-Engine/actions/runs/34301637127/job/102309584153	
native-no-change (ubuntu-24.04, 24)	pass	22s	https://github.com/Odenknight/GKOS-Engine/actions/runs/34301637127/job/102309584036	
native-no-change (windows-latest, 22)	pass	1m15s	https://github.com/Odenknight/GKOS-Engine/actions/runs/34301637127/job/102309584195	
native-no-change (windows-latest, 24)	pass	1m1s	https://github.com/Odenknight/GKOS-Engine/actions/runs/34301637127/job/102309584339	
phase5-watcher-artifact-audit	pass	25s	https://github.com/Odenknight/GKOS-Engine/actions/runs/34301633576/job/102312594950	
phase5-watcher-artifact-audit	pass	29s	https://github.com/Odenknight/GKOS-Engine/actions/runs/34301637353/job/102312860430	
phase5-watcher-linux (22)	pass	3m10s	https://github.com/Odenknight/GKOS-Engine/actions/runs/34301633576/job/102309574072	
phase5-watcher-linux (22)	pass	2m21s	https://github.com/Odenknight/GKOS-Engine/actions/runs/34301637353/job/102309585360	
phase5-watcher-linux (24)	pass	2m34s	https://github.com/Odenknight/GKOS-Engine/actions/runs/34301633576/job/102309573762	
phase5-watcher-linux (24)	pass	3m4s	https://github.com/Odenknight/GKOS-Engine/actions/runs/34301637353/job/102309585331	
phase5-watcher-linux (26)	pass	3m3s	https://github.com/Odenknight/GKOS-Engine/actions/runs/34301633576/job/102309573913	
phase5-watcher-linux (26)	pass	3m1s	https://github.com/Odenknight/GKOS-Engine/actions/runs/34301637353/job/102309585479	
phase5-watcher-windows (22)	pass	10m44s	https://github.com/Odenknight/GKOS-Engine/actions/runs/34301633576/job/102309573970	
phase5-watcher-windows (22)	pass	11m47s	https://github.com/Odenknight/GKOS-Engine/actions/runs/34301637353/job/102309585317	
phase5-watcher-windows (24)	pass	10m33s	https://github.com/Odenknight/GKOS-Engine/actions/runs/34301633576/job/102309573966	
phase5-watcher-windows (24)	pass	11m53s	https://github.com/Odenknight/GKOS-Engine/actions/runs/34301637353/job/102309585271	
phase5-watcher-windows (26)	pass	9m59s	https://github.com/Odenknight/GKOS-Engine/actions/runs/34301633576/job/102309573956	
phase5-watcher-windows (26)	pass	11m11s	https://github.com/Odenknight/GKOS-Engine/actions/runs/34301637353/job/102309585328	
windows-retrieval-path-security (22)	pass	1m10s	https://github.com/Odenknight/GKOS-Engine/actions/runs/34301633576/job/102309574189	
windows-retrieval-path-security (22)	pass	1m56s	https://github.com/Odenknight/GKOS-Engine/actions/runs/34301637353/job/102309585357	
current-runtime (windows-latest, 22)	pending	0	https://github.com/Odenknight/GKOS-Engine/actions/runs/34301633568/job/102310625217	
windows-retrieval-path-security (24)	pass	1m8s	https://github.com/Odenknight/GKOS-Engine/actions/runs/34301637353/job/102309585298	
current-runtime (windows-latest, 24)	pending	0	https://github.com/Odenknight/GKOS-Engine/actions/runs/34301633568/job/102310625231	
windows-retrieval-path-security (26)	pass	1m12s	https://github.com/Odenknight/GKOS-Engine/actions/runs/34301633576/job/102309573962	
windows-retrieval-path-security (26)	pass	57s	https://github.com/Odenknight/GKOS-Engine/actions/runs/34301637353/job/102309585106	
current-runtime (windows-latest, 22)	pending	0	https://github.com/Odenknight/GKOS-Engine/actions/runs/34301637172/job/102310880584	
current-runtime (windows-latest, 24)	pending	0	https://github.com/Odenknight/GKOS-Engine/actions/runs/34301637172/job/102310880753	
current-runtime (windows-latest, 26)	pending	0	https://github.com/Odenknight/GKOS-Engine/actions/runs/34301633568/job/102310625203	
current-runtime (windows-latest, 26)	pending	0	https://github.com/Odenknight/GKOS-Engine/actions/runs/34301637172/job/102310880650	
windows-retrieval-path-security (24)	pass	1m46s	https://github.com/Odenknight/GKOS-Engine/actions/runs/34301633576/job/102309574039	
phase4-retrieval-observation-manual	skipping	0	https://github.com/Odenknight/GKOS-Engine/actions/runs/34301633576/job/102309574465	
phase4-retrieval-observation-manual	skipping	0	https://github.com/Odenknight/GKOS-Engine/actions/runs/34301637353/job/102309585880	
Refreshing checks status every 60 seconds. Press Ctrl+C to quit.

build (22)	pass	18m59s	https://github.com/Odenknight/GKOS-Engine/actions/runs/34301633576/job/102309573917	
build (22)	pass	19m28s	https://github.com/Odenknight/GKOS-Engine/actions/runs/34301637353/job/102309585247	
build (24)	pass	18m19s	https://github.com/Odenknight/GKOS-Engine/actions/runs/34301633576/job/102309573945	
build (24)	pass	18m7s	https://github.com/Odenknight/GKOS-Engine/actions/runs/34301637353/job/102309585327	
build (26)	pass	17m29s	https://github.com/Odenknight/GKOS-Engine/actions/runs/34301633576/job/102309574037	
build (26)	pass	16m30s	https://github.com/Odenknight/GKOS-Engine/actions/runs/34301637353/job/102309585326	
current-2-2	pass	56s	https://github.com/Odenknight/GKOS-Engine/actions/runs/34301637137/job/102309584037	
current-runtime (ubuntu-24.04, 22)	pass	10m30s	https://github.com/Odenknight/GKOS-Engine/actions/runs/34301633568/job/102310625220	
current-runtime (ubuntu-24.04, 22)	pass	13m4s	https://github.com/Odenknight/GKOS-Engine/actions/runs/34301637172/job/102310880693	
current-runtime (ubuntu-24.04, 24)	pass	12m48s	https://github.com/Odenknight/GKOS-Engine/actions/runs/34301633568/job/102310625262	
current-runtime (ubuntu-24.04, 24)	pass	13m18s	https://github.com/Odenknight/GKOS-Engine/actions/runs/34301637172/job/102310880645	
current-runtime (ubuntu-24.04, 26)	pass	13m59s	https://github.com/Odenknight/GKOS-Engine/actions/runs/34301633568/job/102310625336	
current-runtime (ubuntu-24.04, 26)	pass	13m37s	https://github.com/Odenknight/GKOS-Engine/actions/runs/34301637172/job/102310880716	
historical-contract-replay (macos-14, 22)	pass	1m42s	https://github.com/Odenknight/GKOS-Engine/actions/runs/34301633568/job/102309574243	
historical-contract-replay (macos-14, 22)	pass	1m31s	https://github.com/Odenknight/GKOS-Engine/actions/runs/34301637172/job/102309584691	
historical-contract-replay (macos-14, 23)	pass	1m48s	https://github.com/Odenknight/GKOS-Engine/actions/runs/34301633568/job/102309573666	
historical-contract-replay (macos-14, 23)	pass	1m35s	https://github.com/Odenknight/GKOS-Engine/actions/runs/34301637172/job/102309584685	
historical-contract-replay (macos-14, 24)	pass	1m26s	https://github.com/Odenknight/GKOS-Engine/actions/runs/34301633568/job/102309573845	
historical-contract-replay (macos-14, 24)	pass	1m53s	https://github.com/Odenknight/GKOS-Engine/actions/runs/34301637172/job/102309584696	
historical-contract-replay (ubuntu-24.04, 22)	pass	1m52s	https://github.com/Odenknight/GKOS-Engine/actions/runs/34301633568/job/102309573961	
historical-contract-replay (ubuntu-24.04, 22)	pass	1m57s	https://github.com/Odenknight/GKOS-Engine/actions/runs/34301637172/job/102309584683	
historical-contract-replay (ubuntu-24.04, 23)	pass	1m50s	https://github.com/Odenknight/GKOS-Engine/actions/runs/34301633568/job/102309573857	
historical-contract-replay (ubuntu-24.04, 23)	pass	1m47s	https://github.com/Odenknight/GKOS-Engine/actions/runs/34301637172/job/102309584678	
historical-contract-replay (ubuntu-24.04, 24)	pass	1m36s	https://github.com/Odenknight/GKOS-Engine/actions/runs/34301633568/job/102309573936	
historical-contract-replay (ubuntu-24.04, 24)	pass	1m42s	https://github.com/Odenknight/GKOS-Engine/actions/runs/34301637172/job/102309584725	
historical-contract-replay (windows-latest, 22)	pass	3m1s	https://github.com/Odenknight/GKOS-Engine/actions/runs/34301633568/job/102309573984	
historical-contract-replay (windows-latest, 22)	pass	3m7s	https://github.com/Odenknight/GKOS-Engine/actions/runs/34301637172/job/102309584521	
historical-contract-replay (windows-latest, 23)	pass	2m58s	https://github.com/Odenknight/GKOS-Engine/actions/runs/34301633568/job/102309573874	
historical-contract-replay (windows-latest, 23)	pass	2m57s	https://github.com/Odenknight/GKOS-Engine/actions/runs/34301637172/job/102309584612	
historical-contract-replay (windows-latest, 24)	pass	2m53s	https://github.com/Odenknight/GKOS-Engine/actions/runs/34301633568/job/102309573905	
historical-contract-replay (windows-latest, 24)	pass	2m35s	https://github.com/Odenknight/GKOS-Engine/actions/runs/34301637172/job/102309584690	
native-no-change (ubuntu-24.04, 22)	pass	24s	https://github.com/Odenknight/GKOS-Engine/actions/runs/34301637127/job/102309584153	
native-no-change (ubuntu-24.04, 24)	pass	22s	https://github.com/Odenknight/GKOS-Engine/actions/runs/34301637127/job/102309584036	
native-no-change (windows-latest, 22)	pass	1m15s	https://github.com/Odenknight/GKOS-Engine/actions/runs/34301637127/job/102309584195	
native-no-change (windows-latest, 24)	pass	1m1s	https://github.com/Odenknight/GKOS-Engine/actions/runs/34301637127/job/102309584339	
phase5-watcher-artifact-audit	pass	25s	https://github.com/Odenknight/GKOS-Engine/actions/runs/34301633576/job/102312594950	
phase5-watcher-artifact-audit	pass	29s	https://github.com/Odenknight/GKOS-Engine/actions/runs/34301637353/job/102312860430	
phase5-watcher-linux (22)	pass	3m10s	https://github.com/Odenknight/GKOS-Engine/actions/runs/34301633576/job/102309574072	
phase5-watcher-linux (22)	pass	2m21s	https://github.com/Odenknight/GKOS-Engine/actions/runs/34301637353/job/102309585360	
phase5-watcher-linux (24)	pass	2m34s	https://github.com/Odenknight/GKOS-Engine/actions/runs/34301633576/job/102309573762	
phase5-watcher-linux (24)	pass	3m4s	https://github.com/Odenknight/GKOS-Engine/actions/runs/34301637353/job/102309585331	
phase5-watcher-linux (26)	pass	3m3s	https://github.com/Odenknight/GKOS-Engine/actions/runs/34301633576/job/102309573913	
phase5-watcher-linux (26)	pass	3m1s	https://github.com/Odenknight/GKOS-Engine/actions/runs/34301637353/job/102309585479	
phase5-watcher-windows (22)	pass	10m44s	https://github.com/Odenknight/GKOS-Engine/actions/runs/34301633576/job/102309573970	
phase5-watcher-windows (22)	pass	11m47s	https://github.com/Odenknight/GKOS-Engine/actions/runs/34301637353/job/102309585317	
phase5-watcher-windows (24)	pass	10m33s	https://github.com/Odenknight/GKOS-Engine/actions/runs/34301633576/job/102309573966	
phase5-watcher-windows (24)	pass	11m53s	https://github.com/Odenknight/GKOS-Engine/actions/runs/34301637353/job/102309585271	
phase5-watcher-windows (26)	pass	9m59s	https://github.com/Odenknight/GKOS-Engine/actions/runs/34301633576/job/102309573956	
phase5-watcher-windows (26)	pass	11m11s	https://github.com/Odenknight/GKOS-Engine/actions/runs/34301637353/job/102309585328	
windows-retrieval-path-security (22)	pass	1m10s	https://github.com/Odenknight/GKOS-Engine/actions/runs/34301633576/job/102309574189	
windows-retrieval-path-security (22)	pass	1m56s	https://github.com/Odenknight/GKOS-Engine/actions/runs/34301637353/job/102309585357	
current-runtime (windows-latest, 22)	pending	0	https://github.com/Odenknight/GKOS-Engine/actions/runs/34301633568/job/102310625217	
windows-retrieval-path-security (24)	pass	1m8s	https://github.com/Odenknight/GKOS-Engine/actions/runs/34301637353/job/102309585298	
current-runtime (windows-latest, 24)	pending	0	https://github.com/Odenknight/GKOS-Engine/actions/runs/34301633568/job/102310625231	
windows-retrieval-path-security (26)	pass	1m12s	https://github.com/Odenknight/GKOS-Engine/actions/runs/34301633576/job/102309573962	
windows-retrieval-path-security (26)	pass	57s	https://github.com/Odenknight/GKOS-Engine/actions/runs/34301637353/job/102309585106	
current-runtime (windows-latest, 22)	pending	0	https://github.com/Odenknight/GKOS-Engine/actions/runs/34301637172/job/102310880584	
current-runtime (windows-latest, 24)	pending	0	https://github.com/Odenknight/GKOS-Engine/actions/runs/34301637172/job/102310880753	
current-runtime (windows-latest, 26)	pending	0	https://github.com/Odenknight/GKOS-Engine/actions/runs/34301633568/job/102310625203	
current-runtime (windows-latest, 26)	pending	0	https://github.com/Odenknight/GKOS-Engine/actions/runs/34301637172/job/102310880650	
windows-retrieval-path-security (24)	pass	1m46s	https://github.com/Odenknight/GKOS-Engine/actions/runs/34301633576/job/102309574039	
phase4-retrieval-observation-manual	skipping	0	https://github.com/Odenknight/GKOS-Engine/actions/runs/34301633576/job/102309574465	
phase4-retrieval-observation-manual	skipping	0	https://github.com/Odenknight/GKOS-Engine/actions/runs/34301637353/job/102309585880	
Refreshing checks status every 60 seconds. Press Ctrl+C to quit.

build (22)	pass	18m59s	https://github.com/Odenknight/GKOS-Engine/actions/runs/34301633576/job/102309573917	
build (22)	pass	19m28s	https://github.com/Odenknight/GKOS-Engine/actions/runs/34301637353/job/102309585247	
build (24)	pass	18m19s	https://github.com/Odenknight/GKOS-Engine/actions/runs/34301633576/job/102309573945	
build (24)	pass	18m7s	https://github.com/Odenknight/GKOS-Engine/actions/runs/34301637353/job/102309585327	
build (26)	pass	17m29s	https://github.com/Odenknight/GKOS-Engine/actions/runs/34301633576/job/102309574037	
build (26)	pass	16m30s	https://github.com/Odenknight/GKOS-Engine/actions/runs/34301637353/job/102309585326	
current-2-2	pass	56s	https://github.com/Odenknight/GKOS-Engine/actions/runs/34301637137/job/102309584037	
current-runtime (ubuntu-24.04, 22)	pass	10m30s	https://github.com/Odenknight/GKOS-Engine/actions/runs/34301633568/job/102310625220	
current-runtime (ubuntu-24.04, 22)	pass	13m4s	https://github.com/Odenknight/GKOS-Engine/actions/runs/34301637172/job/102310880693	
current-runtime (ubuntu-24.04, 24)	pass	12m48s	https://github.com/Odenknight/GKOS-Engine/actions/runs/34301633568/job/102310625262	
current-runtime (ubuntu-24.04, 24)	pass	13m18s	https://github.com/Odenknight/GKOS-Engine/actions/runs/34301637172/job/102310880645	
current-runtime (ubuntu-24.04, 26)	pass	13m59s	https://github.com/Odenknight/GKOS-Engine/actions/runs/34301633568/job/102310625336	
current-runtime (ubuntu-24.04, 26)	pass	13m37s	https://github.com/Odenknight/GKOS-Engine/actions/runs/34301637172/job/102310880716	
historical-contract-replay (macos-14, 22)	pass	1m42s	https://github.com/Odenknight/GKOS-Engine/actions/runs/34301633568/job/102309574243	
historical-contract-replay (macos-14, 22)	pass	1m31s	https://github.com/Odenknight/GKOS-Engine/actions/runs/34301637172/job/102309584691	
historical-contract-replay (macos-14, 23)	pass	1m48s	https://github.com/Odenknight/GKOS-Engine/actions/runs/34301633568/job/102309573666	
historical-contract-replay (macos-14, 23)	pass	1m35s	https://github.com/Odenknight/GKOS-Engine/actions/runs/34301637172/job/102309584685	
historical-contract-replay (macos-14, 24)	pass	1m26s	https://github.com/Odenknight/GKOS-Engine/actions/runs/34301633568/job/102309573845	
historical-contract-replay (macos-14, 24)	pass	1m53s	https://github.com/Odenknight/GKOS-Engine/actions/runs/34301637172/job/102309584696	
historical-contract-replay (ubuntu-24.04, 22)	pass	1m52s	https://github.com/Odenknight/GKOS-Engine/actions/runs/34301633568/job/102309573961	
historical-contract-replay (ubuntu-24.04, 22)	pass	1m57s	https://github.com/Odenknight/GKOS-Engine/actions/runs/34301637172/job/102309584683	
historical-contract-replay (ubuntu-24.04, 23)	pass	1m50s	https://github.com/Odenknight/GKOS-Engine/actions/runs/34301633568/job/102309573857	
historical-contract-replay (ubuntu-24.04, 23)	pass	1m47s	https://github.com/Odenknight/GKOS-Engine/actions/runs/34301637172/job/102309584678	
historical-contract-replay (ubuntu-24.04, 24)	pass	1m36s	https://github.com/Odenknight/GKOS-Engine/actions/runs/34301633568/job/102309573936	
historical-contract-replay (ubuntu-24.04, 24)	pass	1m42s	https://github.com/Odenknight/GKOS-Engine/actions/runs/34301637172/job/102309584725	
historical-contract-replay (windows-latest, 22)	pass	3m1s	https://github.com/Odenknight/GKOS-Engine/actions/runs/34301633568/job/102309573984	
historical-contract-replay (windows-latest, 22)	pass	3m7s	https://github.com/Odenknight/GKOS-Engine/actions/runs/34301637172/job/102309584521	
historical-contract-replay (windows-latest, 23)	pass	2m58s	https://github.com/Odenknight/GKOS-Engine/actions/runs/34301633568/job/102309573874	
historical-contract-replay (windows-latest, 23)	pass	2m57s	https://github.com/Odenknight/GKOS-Engine/actions/runs/34301637172/job/102309584612	
historical-contract-replay (windows-latest, 24)	pass	2m53s	https://github.com/Odenknight/GKOS-Engine/actions/runs/34301633568/job/102309573905	
historical-contract-replay (windows-latest, 24)	pass	2m35s	https://github.com/Odenknight/GKOS-Engine/actions/runs/34301637172/job/102309584690	
native-no-change (ubuntu-24.04, 22)	pass	24s	https://github.com/Odenknight/GKOS-Engine/actions/runs/34301637127/job/102309584153	
native-no-change (ubuntu-24.04, 24)	pass	22s	https://github.com/Odenknight/GKOS-Engine/actions/runs/34301637127/job/102309584036	
native-no-change (windows-latest, 22)	pass	1m15s	https://github.com/Odenknight/GKOS-Engine/actions/runs/34301637127/job/102309584195	
native-no-change (windows-latest, 24)	pass	1m1s	https://github.com/Odenknight/GKOS-Engine/actions/runs/34301637127/job/102309584339	
phase5-watcher-artifact-audit	pass	25s	https://github.com/Odenknight/GKOS-Engine/actions/runs/34301633576/job/102312594950	
phase5-watcher-artifact-audit	pass	29s	https://github.com/Odenknight/GKOS-Engine/actions/runs/34301637353/job/102312860430	
phase5-watcher-linux (22)	pass	3m10s	https://github.com/Odenknight/GKOS-Engine/actions/runs/34301633576/job/102309574072	
phase5-watcher-linux (22)	pass	2m21s	https://github.com/Odenknight/GKOS-Engine/actions/runs/34301637353/job/102309585360	
phase5-watcher-linux (24)	pass	2m34s	https://github.com/Odenknight/GKOS-Engine/actions/runs/34301633576/job/102309573762	
phase5-watcher-linux (24)	pass	3m4s	https://github.com/Odenknight/GKOS-Engine/actions/runs/34301637353/job/102309585331	
phase5-watcher-linux (26)	pass	3m3s	https://github.com/Odenknight/GKOS-Engine/actions/runs/34301633576/job/102309573913	
phase5-watcher-linux (26)	pass	3m1s	https://github.com/Odenknight/GKOS-Engine/actions/runs/34301637353/job/102309585479	
phase5-watcher-windows (22)	pass	10m44s	https://github.com/Odenknight/GKOS-Engine/actions/runs/34301633576/job/102309573970	
phase5-watcher-windows (22)	pass	11m47s	https://github.com/Odenknight/GKOS-Engine/actions/runs/34301637353/job/102309585317	
phase5-watcher-windows (24)	pass	10m33s	https://github.com/Odenknight/GKOS-Engine/actions/runs/34301633576/job/102309573966	
phase5-watcher-windows (24)	pass	11m53s	https://github.com/Odenknight/GKOS-Engine/actions/runs/34301637353/job/102309585271	
phase5-watcher-windows (26)	pass	9m59s	https://github.com/Odenknight/GKOS-Engine/actions/runs/34301633576/job/102309573956	
phase5-watcher-windows (26)	pass	11m11s	https://github.com/Odenknight/GKOS-Engine/actions/runs/34301637353/job/102309585328	
windows-retrieval-path-security (22)	pass	1m10s	https://github.com/Odenknight/GKOS-Engine/actions/runs/34301633576/job/102309574189	
windows-retrieval-path-security (22)	pass	1m56s	https://github.com/Odenknight/GKOS-Engine/actions/runs/34301637353/job/102309585357	
current-runtime (windows-latest, 22)	pending	0	https://github.com/Odenknight/GKOS-Engine/actions/runs/34301633568/job/102310625217	
windows-retrieval-path-security (24)	pass	1m8s	https://github.com/Odenknight/GKOS-Engine/actions/runs/34301637353/job/102309585298	
current-runtime (windows-latest, 24)	pending	0	https://github.com/Odenknight/GKOS-Engine/actions/runs/34301633568/job/102310625231	
windows-retrieval-path-security (26)	pass	1m12s	https://github.com/Odenknight/GKOS-Engine/actions/runs/34301633576/job/102309573962	
windows-retrieval-path-security (26)	pass	57s	https://github.com/Odenknight/GKOS-Engine/actions/runs/34301637353/job/102309585106	
current-runtime (windows-latest, 22)	pending	0	https://github.com/Odenknight/GKOS-Engine/actions/runs/34301637172/job/102310880584	
current-runtime (windows-latest, 24)	pending	0	https://github.com/Odenknight/GKOS-Engine/actions/runs/34301637172/job/102310880753	
current-runtime (windows-latest, 26)	pending	0	https://github.com/Odenknight/GKOS-Engine/actions/runs/34301633568/job/102310625203	
current-runtime (windows-latest, 26)	pending	0	https://github.com/Odenknight/GKOS-Engine/actions/runs/34301637172/job/102310880650	
windows-retrieval-path-security (24)	pass	1m46s	https://github.com/Odenknight/GKOS-Engine/actions/runs/34301633576/job/102309574039	
phase4-retrieval-observation-manual	skipping	0	https://github.com/Odenknight/GKOS-Engine/actions/runs/34301633576/job/102309574465	
phase4-retrieval-observation-manual	skipping	0	https://github.com/Odenknight/GKOS-Engine/actions/runs/34301637353/job/102309585880	
Refreshing checks status every 60 seconds. Press Ctrl+C to quit.

build (22)	pass	18m59s	https://github.com/Odenknight/GKOS-Engine/actions/runs/34301633576/job/102309573917	
build (22)	pass	19m28s	https://github.com/Odenknight/GKOS-Engine/actions/runs/34301637353/job/102309585247	
build (24)	pass	18m19s	https://github.com/Odenknight/GKOS-Engine/actions/runs/34301633576/job/102309573945	
build (24)	pass	18m7s	https://github.com/Odenknight/GKOS-Engine/actions/runs/34301637353/job/102309585327	
build (26)	pass	17m29s	https://github.com/Odenknight/GKOS-Engine/actions/runs/34301633576/job/102309574037	
build (26)	pass	16m30s	https://github.com/Odenknight/GKOS-Engine/actions/runs/34301637353/job/102309585326	
current-2-2	pass	56s	https://github.com/Odenknight/GKOS-Engine/actions/runs/34301637137/job/102309584037	
current-runtime (ubuntu-24.04, 22)	pass	10m30s	https://github.com/Odenknight/GKOS-Engine/actions/runs/34301633568/job/102310625220	
current-runtime (ubuntu-24.04, 22)	pass	13m4s	https://github.com/Odenknight/GKOS-Engine/actions/runs/34301637172/job/102310880693	
current-runtime (ubuntu-24.04, 24)	pass	12m48s	https://github.com/Odenknight/GKOS-Engine/actions/runs/34301633568/job/102310625262	
current-runtime (ubuntu-24.04, 24)	pass	13m18s	https://github.com/Odenknight/GKOS-Engine/actions/runs/34301637172/job/102310880645	
current-runtime (ubuntu-24.04, 26)	pass	13m59s	https://github.com/Odenknight/GKOS-Engine/actions/runs/34301633568/job/102310625336	
current-runtime (ubuntu-24.04, 26)	pass	13m37s	https://github.com/Odenknight/GKOS-Engine/actions/runs/34301637172/job/102310880716	
historical-contract-replay (macos-14, 22)	pass	1m42s	https://github.com/Odenknight/GKOS-Engine/actions/runs/34301633568/job/102309574243	
historical-contract-replay (macos-14, 22)	pass	1m31s	https://github.com/Odenknight/GKOS-Engine/actions/runs/34301637172/job/102309584691	
historical-contract-replay (macos-14, 23)	pass	1m48s	https://github.com/Odenknight/GKOS-Engine/actions/runs/34301633568/job/102309573666	
historical-contract-replay (macos-14, 23)	pass	1m35s	https://github.com/Odenknight/GKOS-Engine/actions/runs/34301637172/job/102309584685	
historical-contract-replay (macos-14, 24)	pass	1m26s	https://github.com/Odenknight/GKOS-Engine/actions/runs/34301633568/job/102309573845	
historical-contract-replay (macos-14, 24)	pass	1m53s	https://github.com/Odenknight/GKOS-Engine/actions/runs/34301637172/job/102309584696	
historical-contract-replay (ubuntu-24.04, 22)	pass	1m52s	https://github.com/Odenknight/GKOS-Engine/actions/runs/34301633568/job/102309573961	
historical-contract-replay (ubuntu-24.04, 22)	pass	1m57s	https://github.com/Odenknight/GKOS-Engine/actions/runs/34301637172/job/102309584683	
historical-contract-replay (ubuntu-24.04, 23)	pass	1m50s	https://github.com/Odenknight/GKOS-Engine/actions/runs/34301633568/job/102309573857	
historical-contract-replay (ubuntu-24.04, 23)	pass	1m47s	https://github.com/Odenknight/GKOS-Engine/actions/runs/34301637172/job/102309584678	
historical-contract-replay (ubuntu-24.04, 24)	pass	1m36s	https://github.com/Odenknight/GKOS-Engine/actions/runs/34301633568/job/102309573936	
historical-contract-replay (ubuntu-24.04, 24)	pass	1m42s	https://github.com/Odenknight/GKOS-Engine/actions/runs/34301637172/job/102309584725	
historical-contract-replay (windows-latest, 22)	pass	3m1s	https://github.com/Odenknight/GKOS-Engine/actions/runs/34301633568/job/102309573984	
historical-contract-replay (windows-latest, 22)	pass	3m7s	https://github.com/Odenknight/GKOS-Engine/actions/runs/34301637172/job/102309584521	
historical-contract-replay (windows-latest, 23)	pass	2m58s	https://github.com/Odenknight/GKOS-Engine/actions/runs/34301633568/job/102309573874	
historical-contract-replay (windows-latest, 23)	pass	2m57s	https://github.com/Odenknight/GKOS-Engine/actions/runs/34301637172/job/102309584612	
historical-contract-replay (windows-latest, 24)	pass	2m53s	https://github.com/Odenknight/GKOS-Engine/actions/runs/34301633568/job/102309573905	
historical-contract-replay (windows-latest, 24)	pass	2m35s	https://github.com/Odenknight/GKOS-Engine/actions/runs/34301637172/job/102309584690	
native-no-change (ubuntu-24.04, 22)	pass	24s	https://github.com/Odenknight/GKOS-Engine/actions/runs/34301637127/job/102309584153	
native-no-change (ubuntu-24.04, 24)	pass	22s	https://github.com/Odenknight/GKOS-Engine/actions/runs/34301637127/job/102309584036	
native-no-change (windows-latest, 22)	pass	1m15s	https://github.com/Odenknight/GKOS-Engine/actions/runs/34301637127/job/102309584195	
native-no-change (windows-latest, 24)	pass	1m1s	https://github.com/Odenknight/GKOS-Engine/actions/runs/34301637127/job/102309584339	
phase5-watcher-artifact-audit	pass	25s	https://github.com/Odenknight/GKOS-Engine/actions/runs/34301633576/job/102312594950	
phase5-watcher-artifact-audit	pass	29s	https://github.com/Odenknight/GKOS-Engine/actions/runs/34301637353/job/102312860430	
phase5-watcher-linux (22)	pass	3m10s	https://github.com/Odenknight/GKOS-Engine/actions/runs/34301633576/job/102309574072	
phase5-watcher-linux (22)	pass	2m21s	https://github.com/Odenknight/GKOS-Engine/actions/runs/34301637353/job/102309585360	
phase5-watcher-linux (24)	pass	2m34s	https://github.com/Odenknight/GKOS-Engine/actions/runs/34301633576/job/102309573762	
phase5-watcher-linux (24)	pass	3m4s	https://github.com/Odenknight/GKOS-Engine/actions/runs/34301637353/job/102309585331	
phase5-watcher-linux (26)	pass	3m3s	https://github.com/Odenknight/GKOS-Engine/actions/runs/34301633576/job/102309573913	
phase5-watcher-linux (26)	pass	3m1s	https://github.com/Odenknight/GKOS-Engine/actions/runs/34301637353/job/102309585479	
phase5-watcher-windows (22)	pass	10m44s	https://github.com/Odenknight/GKOS-Engine/actions/runs/34301633576/job/102309573970	
phase5-watcher-windows (22)	pass	11m47s	https://github.com/Odenknight/GKOS-Engine/actions/runs/34301637353/job/102309585317	
phase5-watcher-windows (24)	pass	10m33s	https://github.com/Odenknight/GKOS-Engine/actions/runs/34301633576/job/102309573966	
phase5-watcher-windows (24)	pass	11m53s	https://github.com/Odenknight/GKOS-Engine/actions/runs/34301637353/job/102309585271	
phase5-watcher-windows (26)	pass	9m59s	https://github.com/Odenknight/GKOS-Engine/actions/runs/34301633576/job/102309573956	
phase5-watcher-windows (26)	pass	11m11s	https://github.com/Odenknight/GKOS-Engine/actions/runs/34301637353/job/102309585328	
windows-retrieval-path-security (22)	pass	1m10s	https://github.com/Odenknight/GKOS-Engine/actions/runs/34301633576/job/102309574189	
windows-retrieval-path-security (22)	pass	1m56s	https://github.com/Odenknight/GKOS-Engine/actions/runs/34301637353/job/102309585357	
current-runtime (windows-latest, 22)	pending	0	https://github.com/Odenknight/GKOS-Engine/actions/runs/34301633568/job/102310625217	
windows-retrieval-path-security (24)	pass	1m8s	https://github.com/Odenknight/GKOS-Engine/actions/runs/34301637353/job/102309585298	
current-runtime (windows-latest, 24)	pending	0	https://github.com/Odenknight/GKOS-Engine/actions/runs/34301633568/job/102310625231	
windows-retrieval-path-security (26)	pass	1m12s	https://github.com/Odenknight/GKOS-Engine/actions/runs/34301633576/job/102309573962	
windows-retrieval-path-security (26)	pass	57s	https://github.com/Odenknight/GKOS-Engine/actions/runs/34301637353/job/102309585106	
current-runtime (windows-latest, 22)	pending	0	https://github.com/Odenknight/GKOS-Engine/actions/runs/34301637172/job/102310880584	
current-runtime (windows-latest, 24)	pending	0	https://github.com/Odenknight/GKOS-Engine/actions/runs/34301637172/job/102310880753	
current-runtime (windows-latest, 26)	pending	0	https://github.com/Odenknight/GKOS-Engine/actions/runs/34301633568/job/102310625203	
current-runtime (windows-latest, 26)	pending	0	https://github.com/Odenknight/GKOS-Engine/actions/runs/34301637172/job/102310880650	
windows-retrieval-path-security (24)	pass	1m46s	https://github.com/Odenknight/GKOS-Engine/actions/runs/34301633576/job/102309574039	
phase4-retrieval-observation-manual	skipping	0	https://github.com/Odenknight/GKOS-Engine/actions/runs/34301633576/job/102309574465	
phase4-retrieval-observation-manual	skipping	0	https://github.com/Odenknight/GKOS-Engine/actions/runs/34301637353/job/102309585880	
Refreshing checks status every 60 seconds. Press Ctrl+C to quit.

build (22)	pass	18m59s	https://github.com/Odenknight/GKOS-Engine/actions/runs/34301633576/job/102309573917	
build (22)	pass	19m28s	https://github.com/Odenknight/GKOS-Engine/actions/runs/34301637353/job/102309585247	
build (24)	pass	18m19s	https://github.com/Odenknight/GKOS-Engine/actions/runs/34301633576/job/102309573945	
build (24)	pass	18m7s	https://github.com/Odenknight/GKOS-Engine/actions/runs/34301637353/job/102309585327	
build (26)	pass	17m29s	https://github.com/Odenknight/GKOS-Engine/actions/runs/34301633576/job/102309574037	
build (26)	pass	16m30s	https://github.com/Odenknight/GKOS-Engine/actions/runs/34301637353/job/102309585326	
current-2-2	pass	56s	https://github.com/Odenknight/GKOS-Engine/actions/runs/34301637137/job/102309584037	
current-runtime (ubuntu-24.04, 22)	pass	10m30s	https://github.com/Odenknight/GKOS-Engine/actions/runs/34301633568/job/102310625220	
current-runtime (ubuntu-24.04, 22)	pass	13m4s	https://github.com/Odenknight/GKOS-Engine/actions/runs/34301637172/job/102310880693	
current-runtime (ubuntu-24.04, 24)	pass	12m48s	https://github.com/Odenknight/GKOS-Engine/actions/runs/34301633568/job/102310625262	
current-runtime (ubuntu-24.04, 24)	pass	13m18s	https://github.com/Odenknight/GKOS-Engine/actions/runs/34301637172/job/102310880645	
current-runtime (ubuntu-24.04, 26)	pass	13m59s	https://github.com/Odenknight/GKOS-Engine/actions/runs/34301633568/job/102310625336	
current-runtime (ubuntu-24.04, 26)	pass	13m37s	https://github.com/Odenknight/GKOS-Engine/actions/runs/34301637172/job/102310880716	
current-runtime (windows-latest, 26)	pass	22m12s	https://github.com/Odenknight/GKOS-Engine/actions/runs/34301637172/job/102310880650	
historical-contract-replay (macos-14, 22)	pass	1m42s	https://github.com/Odenknight/GKOS-Engine/actions/runs/34301633568/job/102309574243	
historical-contract-replay (macos-14, 22)	pass	1m31s	https://github.com/Odenknight/GKOS-Engine/actions/runs/34301637172/job/102309584691	
historical-contract-replay (macos-14, 23)	pass	1m48s	https://github.com/Odenknight/GKOS-Engine/actions/runs/34301633568/job/102309573666	
historical-contract-replay (macos-14, 23)	pass	1m35s	https://github.com/Odenknight/GKOS-Engine/actions/runs/34301637172/job/102309584685	
historical-contract-replay (macos-14, 24)	pass	1m26s	https://github.com/Odenknight/GKOS-Engine/actions/runs/34301633568/job/102309573845	
historical-contract-replay (macos-14, 24)	pass	1m53s	https://github.com/Odenknight/GKOS-Engine/actions/runs/34301637172/job/102309584696	
historical-contract-replay (ubuntu-24.04, 22)	pass	1m52s	https://github.com/Odenknight/GKOS-Engine/actions/runs/34301633568/job/102309573961	
historical-contract-replay (ubuntu-24.04, 22)	pass	1m57s	https://github.com/Odenknight/GKOS-Engine/actions/runs/34301637172/job/102309584683	
historical-contract-replay (ubuntu-24.04, 23)	pass	1m50s	https://github.com/Odenknight/GKOS-Engine/actions/runs/34301633568/job/102309573857	
historical-contract-replay (ubuntu-24.04, 23)	pass	1m47s	https://github.com/Odenknight/GKOS-Engine/actions/runs/34301637172/job/102309584678	
historical-contract-replay (ubuntu-24.04, 24)	pass	1m36s	https://github.com/Odenknight/GKOS-Engine/actions/runs/34301633568/job/102309573936	
historical-contract-replay (ubuntu-24.04, 24)	pass	1m42s	https://github.com/Odenknight/GKOS-Engine/actions/runs/34301637172/job/102309584725	
historical-contract-replay (windows-latest, 22)	pass	3m1s	https://github.com/Odenknight/GKOS-Engine/actions/runs/34301633568/job/102309573984	
historical-contract-replay (windows-latest, 22)	pass	3m7s	https://github.com/Odenknight/GKOS-Engine/actions/runs/34301637172/job/102309584521	
historical-contract-replay (windows-latest, 23)	pass	2m58s	https://github.com/Odenknight/GKOS-Engine/actions/runs/34301633568/job/102309573874	
historical-contract-replay (windows-latest, 23)	pass	2m57s	https://github.com/Odenknight/GKOS-Engine/actions/runs/34301637172/job/102309584612	
historical-contract-replay (windows-latest, 24)	pass	2m53s	https://github.com/Odenknight/GKOS-Engine/actions/runs/34301633568/job/102309573905	
historical-contract-replay (windows-latest, 24)	pass	2m35s	https://github.com/Odenknight/GKOS-Engine/actions/runs/34301637172/job/102309584690	
native-no-change (ubuntu-24.04, 22)	pass	24s	https://github.com/Odenknight/GKOS-Engine/actions/runs/34301637127/job/102309584153	
native-no-change (ubuntu-24.04, 24)	pass	22s	https://github.com/Odenknight/GKOS-Engine/actions/runs/34301637127/job/102309584036	
native-no-change (windows-latest, 22)	pass	1m15s	https://github.com/Odenknight/GKOS-Engine/actions/runs/34301637127/job/102309584195	
native-no-change (windows-latest, 24)	pass	1m1s	https://github.com/Odenknight/GKOS-Engine/actions/runs/34301637127/job/102309584339	
phase5-watcher-artifact-audit	pass	25s	https://github.com/Odenknight/GKOS-Engine/actions/runs/34301633576/job/102312594950	
phase5-watcher-artifact-audit	pass	29s	https://github.com/Odenknight/GKOS-Engine/actions/runs/34301637353/job/102312860430	
phase5-watcher-linux (22)	pass	3m10s	https://github.com/Odenknight/GKOS-Engine/actions/runs/34301633576/job/102309574072	
phase5-watcher-linux (22)	pass	2m21s	https://github.com/Odenknight/GKOS-Engine/actions/runs/34301637353/job/102309585360	
phase5-watcher-linux (24)	pass	2m34s	https://github.com/Odenknight/GKOS-Engine/actions/runs/34301633576/job/102309573762	
phase5-watcher-linux (24)	pass	3m4s	https://github.com/Odenknight/GKOS-Engine/actions/runs/34301637353/job/102309585331	
phase5-watcher-linux (26)	pass	3m3s	https://github.com/Odenknight/GKOS-Engine/actions/runs/34301633576/job/102309573913	
phase5-watcher-linux (26)	pass	3m1s	https://github.com/Odenknight/GKOS-Engine/actions/runs/34301637353/job/102309585479	
phase5-watcher-windows (22)	pass	10m44s	https://github.com/Odenknight/GKOS-Engine/actions/runs/34301633576/job/102309573970	
phase5-watcher-windows (22)	pass	11m47s	https://github.com/Odenknight/GKOS-Engine/actions/runs/34301637353/job/102309585317	
phase5-watcher-windows (24)	pass	10m33s	https://github.com/Odenknight/GKOS-Engine/actions/runs/34301633576/job/102309573966	
phase5-watcher-windows (24)	pass	11m53s	https://github.com/Odenknight/GKOS-Engine/actions/runs/34301637353/job/102309585271	
phase5-watcher-windows (26)	pass	9m59s	https://github.com/Odenknight/GKOS-Engine/actions/runs/34301633576/job/102309573956	
phase5-watcher-windows (26)	pass	11m11s	https://github.com/Odenknight/GKOS-Engine/actions/runs/34301637353/job/102309585328	
windows-retrieval-path-security (22)	pass	1m10s	https://github.com/Odenknight/GKOS-Engine/actions/runs/34301633576/job/102309574189	
windows-retrieval-path-security (22)	pass	1m56s	https://github.com/Odenknight/GKOS-Engine/actions/runs/34301637353/job/102309585357	
windows-retrieval-path-security (24)	pass	1m46s	https://github.com/Odenknight/GKOS-Engine/actions/runs/34301633576/job/102309574039	
current-runtime (windows-latest, 22)	pending	0	https://github.com/Odenknight/GKOS-Engine/actions/runs/34301633568/job/102310625217	
windows-retrieval-path-security (26)	pass	1m12s	https://github.com/Odenknight/GKOS-Engine/actions/runs/34301633576/job/102309573962	
windows-retrieval-path-security (26)	pass	57s	https://github.com/Odenknight/GKOS-Engine/actions/runs/34301637353/job/102309585106	
current-runtime (windows-latest, 22)	pending	0	https://github.com/Odenknight/GKOS-Engine/actions/runs/34301637172/job/102310880584	
current-runtime (windows-latest, 24)	pending	0	https://github.com/Odenknight/GKOS-Engine/actions/runs/34301633568/job/102310625231	
current-runtime (windows-latest, 24)	pending	0	https://github.com/Odenknight/GKOS-Engine/actions/runs/34301637172/job/102310880753	
current-runtime (windows-latest, 26)	pending	0	https://github.com/Odenknight/GKOS-Engine/actions/runs/34301633568/job/102310625203	
windows-retrieval-path-security (24)	pass	1m8s	https://github.com/Odenknight/GKOS-Engine/actions/runs/34301637353/job/102309585298	
phase4-retrieval-observation-manual	skipping	0	https://github.com/Odenknight/GKOS-Engine/actions/runs/34301633576/job/102309574465	
phase4-retrieval-observation-manual	skipping	0	https://github.com/Odenknight/GKOS-Engine/actions/runs/34301637353/job/102309585880	
Refreshing checks status every 60 seconds. Press Ctrl+C to quit.

build (22)	pass	18m59s	https://github.com/Odenknight/GKOS-Engine/actions/runs/34301633576/job/102309573917	
build (22)	pass	19m28s	https://github.com/Odenknight/GKOS-Engine/actions/runs/34301637353/job/102309585247	
build (24)	pass	18m19s	https://github.com/Odenknight/GKOS-Engine/actions/runs/34301633576/job/102309573945	
build (24)	pass	18m7s	https://github.com/Odenknight/GKOS-Engine/actions/runs/34301637353/job/102309585327	
build (26)	pass	17m29s	https://github.com/Odenknight/GKOS-Engine/actions/runs/34301633576/job/102309574037	
build (26)	pass	16m30s	https://github.com/Odenknight/GKOS-Engine/actions/runs/34301637353/job/102309585326	
current-2-2	pass	56s	https://github.com/Odenknight/GKOS-Engine/actions/runs/34301637137/job/102309584037	
current-runtime (ubuntu-24.04, 22)	pass	10m30s	https://github.com/Odenknight/GKOS-Engine/actions/runs/34301633568/job/102310625220	
current-runtime (ubuntu-24.04, 22)	pass	13m4s	https://github.com/Odenknight/GKOS-Engine/actions/runs/34301637172/job/102310880693	
current-runtime (ubuntu-24.04, 24)	pass	12m48s	https://github.com/Odenknight/GKOS-Engine/actions/runs/34301633568/job/102310625262	
current-runtime (ubuntu-24.04, 24)	pass	13m18s	https://github.com/Odenknight/GKOS-Engine/actions/runs/34301637172/job/102310880645	
current-runtime (ubuntu-24.04, 26)	pass	13m59s	https://github.com/Odenknight/GKOS-Engine/actions/runs/34301633568/job/102310625336	
current-runtime (ubuntu-24.04, 26)	pass	13m37s	https://github.com/Odenknight/GKOS-Engine/actions/runs/34301637172/job/102310880716	
current-runtime (windows-latest, 26)	pass	22m12s	https://github.com/Odenknight/GKOS-Engine/actions/runs/34301637172/job/102310880650	
historical-contract-replay (macos-14, 22)	pass	1m42s	https://github.com/Odenknight/GKOS-Engine/actions/runs/34301633568/job/102309574243	
historical-contract-replay (macos-14, 22)	pass	1m31s	https://github.com/Odenknight/GKOS-Engine/actions/runs/34301637172/job/102309584691	
historical-contract-replay (macos-14, 23)	pass	1m48s	https://github.com/Odenknight/GKOS-Engine/actions/runs/34301633568/job/102309573666	
historical-contract-replay (macos-14, 23)	pass	1m35s	https://github.com/Odenknight/GKOS-Engine/actions/runs/34301637172/job/102309584685	
historical-contract-replay (macos-14, 24)	pass	1m26s	https://github.com/Odenknight/GKOS-Engine/actions/runs/34301633568/job/102309573845	
historical-contract-replay (macos-14, 24)	pass	1m53s	https://github.com/Odenknight/GKOS-Engine/actions/runs/34301637172/job/102309584696	
historical-contract-replay (ubuntu-24.04, 22)	pass	1m52s	https://github.com/Odenknight/GKOS-Engine/actions/runs/34301633568/job/102309573961	
historical-contract-replay (ubuntu-24.04, 22)	pass	1m57s	https://github.com/Odenknight/GKOS-Engine/actions/runs/34301637172/job/102309584683	
historical-contract-replay (ubuntu-24.04, 23)	pass	1m50s	https://github.com/Odenknight/GKOS-Engine/actions/runs/34301633568/job/102309573857	
historical-contract-replay (ubuntu-24.04, 23)	pass	1m47s	https://github.com/Odenknight/GKOS-Engine/actions/runs/34301637172/job/102309584678	
historical-contract-replay (ubuntu-24.04, 24)	pass	1m36s	https://github.com/Odenknight/GKOS-Engine/actions/runs/34301633568/job/102309573936	
historical-contract-replay (ubuntu-24.04, 24)	pass	1m42s	https://github.com/Odenknight/GKOS-Engine/actions/runs/34301637172/job/102309584725	
historical-contract-replay (windows-latest, 22)	pass	3m1s	https://github.com/Odenknight/GKOS-Engine/actions/runs/34301633568/job/102309573984	
historical-contract-replay (windows-latest, 22)	pass	3m7s	https://github.com/Odenknight/GKOS-Engine/actions/runs/34301637172/job/102309584521	
historical-contract-replay (windows-latest, 23)	pass	2m58s	https://github.com/Odenknight/GKOS-Engine/actions/runs/34301633568/job/102309573874	
historical-contract-replay (windows-latest, 23)	pass	2m57s	https://github.com/Odenknight/GKOS-Engine/actions/runs/34301637172/job/102309584612	
historical-contract-replay (windows-latest, 24)	pass	2m53s	https://github.com/Odenknight/GKOS-Engine/actions/runs/34301633568/job/102309573905	
historical-contract-replay (windows-latest, 24)	pass	2m35s	https://github.com/Odenknight/GKOS-Engine/actions/runs/34301637172/job/102309584690	
native-no-change (ubuntu-24.04, 22)	pass	24s	https://github.com/Odenknight/GKOS-Engine/actions/runs/34301637127/job/102309584153	
native-no-change (ubuntu-24.04, 24)	pass	22s	https://github.com/Odenknight/GKOS-Engine/actions/runs/34301637127/job/102309584036	
native-no-change (windows-latest, 22)	pass	1m15s	https://github.com/Odenknight/GKOS-Engine/actions/runs/34301637127/job/102309584195	
native-no-change (windows-latest, 24)	pass	1m1s	https://github.com/Odenknight/GKOS-Engine/actions/runs/34301637127/job/102309584339	
phase5-watcher-artifact-audit	pass	25s	https://github.com/Odenknight/GKOS-Engine/actions/runs/34301633576/job/102312594950	
phase5-watcher-artifact-audit	pass	29s	https://github.com/Odenknight/GKOS-Engine/actions/runs/34301637353/job/102312860430	
phase5-watcher-linux (22)	pass	3m10s	https://github.com/Odenknight/GKOS-Engine/actions/runs/34301633576/job/102309574072	
phase5-watcher-linux (22)	pass	2m21s	https://github.com/Odenknight/GKOS-Engine/actions/runs/34301637353/job/102309585360	
phase5-watcher-linux (24)	pass	2m34s	https://github.com/Odenknight/GKOS-Engine/actions/runs/34301633576/job/102309573762	
phase5-watcher-linux (24)	pass	3m4s	https://github.com/Odenknight/GKOS-Engine/actions/runs/34301637353/job/102309585331	
phase5-watcher-linux (26)	pass	3m3s	https://github.com/Odenknight/GKOS-Engine/actions/runs/34301633576/job/102309573913	
phase5-watcher-linux (26)	pass	3m1s	https://github.com/Odenknight/GKOS-Engine/actions/runs/34301637353/job/102309585479	
phase5-watcher-windows (22)	pass	10m44s	https://github.com/Odenknight/GKOS-Engine/actions/runs/34301633576/job/102309573970	
phase5-watcher-windows (22)	pass	11m47s	https://github.com/Odenknight/GKOS-Engine/actions/runs/34301637353/job/102309585317	
phase5-watcher-windows (24)	pass	10m33s	https://github.com/Odenknight/GKOS-Engine/actions/runs/34301633576/job/102309573966	
phase5-watcher-windows (24)	pass	11m53s	https://github.com/Odenknight/GKOS-Engine/actions/runs/34301637353/job/102309585271	
phase5-watcher-windows (26)	pass	9m59s	https://github.com/Odenknight/GKOS-Engine/actions/runs/34301633576/job/102309573956	
phase5-watcher-windows (26)	pass	11m11s	https://github.com/Odenknight/GKOS-Engine/actions/runs/34301637353/job/102309585328	
windows-retrieval-path-security (22)	pass	1m10s	https://github.com/Odenknight/GKOS-Engine/actions/runs/34301633576/job/102309574189	
windows-retrieval-path-security (22)	pass	1m56s	https://github.com/Odenknight/GKOS-Engine/actions/runs/34301637353/job/102309585357	
windows-retrieval-path-security (24)	pass	1m46s	https://github.com/Odenknight/GKOS-Engine/actions/runs/34301633576/job/102309574039	
current-runtime (windows-latest, 22)	pending	0	https://github.com/Odenknight/GKOS-Engine/actions/runs/34301633568/job/102310625217	
windows-retrieval-path-security (26)	pass	1m12s	https://github.com/Odenknight/GKOS-Engine/actions/runs/34301633576/job/102309573962	
windows-retrieval-path-security (26)	pass	57s	https://github.com/Odenknight/GKOS-Engine/actions/runs/34301637353/job/102309585106	
current-runtime (windows-latest, 22)	pending	0	https://github.com/Odenknight/GKOS-Engine/actions/runs/34301637172/job/102310880584	
current-runtime (windows-latest, 24)	pending	0	https://github.com/Odenknight/GKOS-Engine/actions/runs/34301633568/job/102310625231	
current-runtime (windows-latest, 24)	pending	0	https://github.com/Odenknight/GKOS-Engine/actions/runs/34301637172/job/102310880753	
current-runtime (windows-latest, 26)	pending	0	https://github.com/Odenknight/GKOS-Engine/actions/runs/34301633568/job/102310625203	
windows-retrieval-path-security (24)	pass	1m8s	https://github.com/Odenknight/GKOS-Engine/actions/runs/34301637353/job/102309585298	
phase4-retrieval-observation-manual	skipping	0	https://github.com/Odenknight/GKOS-Engine/actions/runs/34301633576/job/102309574465	
phase4-retrieval-observation-manual	skipping	0	https://github.com/Odenknight/GKOS-Engine/actions/runs/34301637353/job/102309585880	
Refreshing checks status every 60 seconds. Press Ctrl+C to quit.

build (22)	pass	18m59s	https://github.com/Odenknight/GKOS-Engine/actions/runs/34301633576/job/102309573917	
build (22)	pass	19m28s	https://github.com/Odenknight/GKOS-Engine/actions/runs/34301637353/job/102309585247	
build (24)	pass	18m19s	https://github.com/Odenknight/GKOS-Engine/actions/runs/34301633576/job/102309573945	
build (24)	pass	18m7s	https://github.com/Odenknight/GKOS-Engine/actions/runs/34301637353/job/102309585327	
build (26)	pass	17m29s	https://github.com/Odenknight/GKOS-Engine/actions/runs/34301633576/job/102309574037	
build (26)	pass	16m30s	https://github.com/Odenknight/GKOS-Engine/actions/runs/34301637353/job/102309585326	
current-2-2	pass	56s	https://github.com/Odenknight/GKOS-Engine/actions/runs/34301637137/job/102309584037	
current-runtime (ubuntu-24.04, 22)	pass	10m30s	https://github.com/Odenknight/GKOS-Engine/actions/runs/34301633568/job/102310625220	
current-runtime (ubuntu-24.04, 22)	pass	13m4s	https://github.com/Odenknight/GKOS-Engine/actions/runs/34301637172/job/102310880693	
current-runtime (ubuntu-24.04, 24)	pass	12m48s	https://github.com/Odenknight/GKOS-Engine/actions/runs/34301633568/job/102310625262	
current-runtime (ubuntu-24.04, 24)	pass	13m18s	https://github.com/Odenknight/GKOS-Engine/actions/runs/34301637172/job/102310880645	
current-runtime (ubuntu-24.04, 26)	pass	13m59s	https://github.com/Odenknight/GKOS-Engine/actions/runs/34301633568/job/102310625336	
current-runtime (ubuntu-24.04, 26)	pass	13m37s	https://github.com/Odenknight/GKOS-Engine/actions/runs/34301637172/job/102310880716	
current-runtime (windows-latest, 24)	pass	24m32s	https://github.com/Odenknight/GKOS-Engine/actions/runs/34301633568/job/102310625231	
current-runtime (windows-latest, 26)	pass	22m12s	https://github.com/Odenknight/GKOS-Engine/actions/runs/34301637172/job/102310880650	
historical-contract-replay (macos-14, 22)	pass	1m42s	https://github.com/Odenknight/GKOS-Engine/actions/runs/34301633568/job/102309574243	
historical-contract-replay (macos-14, 22)	pass	1m31s	https://github.com/Odenknight/GKOS-Engine/actions/runs/34301637172/job/102309584691	
historical-contract-replay (macos-14, 23)	pass	1m48s	https://github.com/Odenknight/GKOS-Engine/actions/runs/34301633568/job/102309573666	
historical-contract-replay (macos-14, 23)	pass	1m35s	https://github.com/Odenknight/GKOS-Engine/actions/runs/34301637172/job/102309584685	
historical-contract-replay (macos-14, 24)	pass	1m26s	https://github.com/Odenknight/GKOS-Engine/actions/runs/34301633568/job/102309573845	
historical-contract-replay (macos-14, 24)	pass	1m53s	https://github.com/Odenknight/GKOS-Engine/actions/runs/34301637172/job/102309584696	
historical-contract-replay (ubuntu-24.04, 22)	pass	1m52s	https://github.com/Odenknight/GKOS-Engine/actions/runs/34301633568/job/102309573961	
historical-contract-replay (ubuntu-24.04, 22)	pass	1m57s	https://github.com/Odenknight/GKOS-Engine/actions/runs/34301637172/job/102309584683	
historical-contract-replay (ubuntu-24.04, 23)	pass	1m50s	https://github.com/Odenknight/GKOS-Engine/actions/runs/34301633568/job/102309573857	
historical-contract-replay (ubuntu-24.04, 23)	pass	1m47s	https://github.com/Odenknight/GKOS-Engine/actions/runs/34301637172/job/102309584678	
historical-contract-replay (ubuntu-24.04, 24)	pass	1m36s	https://github.com/Odenknight/GKOS-Engine/actions/runs/34301633568/job/102309573936	
historical-contract-replay (ubuntu-24.04, 24)	pass	1m42s	https://github.com/Odenknight/GKOS-Engine/actions/runs/34301637172/job/102309584725	
historical-contract-replay (windows-latest, 22)	pass	3m1s	https://github.com/Odenknight/GKOS-Engine/actions/runs/34301633568/job/102309573984	
historical-contract-replay (windows-latest, 22)	pass	3m7s	https://github.com/Odenknight/GKOS-Engine/actions/runs/34301637172/job/102309584521	
historical-contract-replay (windows-latest, 23)	pass	2m58s	https://github.com/Odenknight/GKOS-Engine/actions/runs/34301633568/job/102309573874	
historical-contract-replay (windows-latest, 23)	pass	2m57s	https://github.com/Odenknight/GKOS-Engine/actions/runs/34301637172/job/102309584612	
historical-contract-replay (windows-latest, 24)	pass	2m53s	https://github.com/Odenknight/GKOS-Engine/actions/runs/34301633568/job/102309573905	
historical-contract-replay (windows-latest, 24)	pass	2m35s	https://github.com/Odenknight/GKOS-Engine/actions/runs/34301637172/job/102309584690	
native-no-change (ubuntu-24.04, 22)	pass	24s	https://github.com/Odenknight/GKOS-Engine/actions/runs/34301637127/job/102309584153	
native-no-change (ubuntu-24.04, 24)	pass	22s	https://github.com/Odenknight/GKOS-Engine/actions/runs/34301637127/job/102309584036	
native-no-change (windows-latest, 22)	pass	1m15s	https://github.com/Odenknight/GKOS-Engine/actions/runs/34301637127/job/102309584195	
native-no-change (windows-latest, 24)	pass	1m1s	https://github.com/Odenknight/GKOS-Engine/actions/runs/34301637127/job/102309584339	
phase5-watcher-artifact-audit	pass	25s	https://github.com/Odenknight/GKOS-Engine/actions/runs/34301633576/job/102312594950	
phase5-watcher-artifact-audit	pass	29s	https://github.com/Odenknight/GKOS-Engine/actions/runs/34301637353/job/102312860430	
phase5-watcher-linux (22)	pass	3m10s	https://github.com/Odenknight/GKOS-Engine/actions/runs/34301633576/job/102309574072	
phase5-watcher-linux (22)	pass	2m21s	https://github.com/Odenknight/GKOS-Engine/actions/runs/34301637353/job/102309585360	
phase5-watcher-linux (24)	pass	2m34s	https://github.com/Odenknight/GKOS-Engine/actions/runs/34301633576/job/102309573762	
phase5-watcher-linux (24)	pass	3m4s	https://github.com/Odenknight/GKOS-Engine/actions/runs/34301637353/job/102309585331	
phase5-watcher-linux (26)	pass	3m3s	https://github.com/Odenknight/GKOS-Engine/actions/runs/34301633576/job/102309573913	
phase5-watcher-linux (26)	pass	3m1s	https://github.com/Odenknight/GKOS-Engine/actions/runs/34301637353/job/102309585479	
phase5-watcher-windows (22)	pass	10m44s	https://github.com/Odenknight/GKOS-Engine/actions/runs/34301633576/job/102309573970	
phase5-watcher-windows (22)	pass	11m47s	https://github.com/Odenknight/GKOS-Engine/actions/runs/34301637353/job/102309585317	
phase5-watcher-windows (24)	pass	10m33s	https://github.com/Odenknight/GKOS-Engine/actions/runs/34301633576/job/102309573966	
phase5-watcher-windows (24)	pass	11m53s	https://github.com/Odenknight/GKOS-Engine/actions/runs/34301637353/job/102309585271	
phase5-watcher-windows (26)	pass	9m59s	https://github.com/Odenknight/GKOS-Engine/actions/runs/34301633576/job/102309573956	
phase5-watcher-windows (26)	pass	11m11s	https://github.com/Odenknight/GKOS-Engine/actions/runs/34301637353/job/102309585328	
windows-retrieval-path-security (22)	pass	1m10s	https://github.com/Odenknight/GKOS-Engine/actions/runs/34301633576/job/102309574189	
windows-retrieval-path-security (22)	pass	1m56s	https://github.com/Odenknight/GKOS-Engine/actions/runs/34301637353/job/102309585357	
windows-retrieval-path-security (24)	pass	1m46s	https://github.com/Odenknight/GKOS-Engine/actions/runs/34301633576/job/102309574039	
windows-retrieval-path-security (26)	pass	1m12s	https://github.com/Odenknight/GKOS-Engine/actions/runs/34301633576/job/102309573962	
windows-retrieval-path-security (26)	pass	57s	https://github.com/Odenknight/GKOS-Engine/actions/runs/34301637353/job/102309585106	
current-runtime (windows-latest, 22)	pending	0	https://github.com/Odenknight/GKOS-Engine/actions/runs/34301633568/job/102310625217	
current-runtime (windows-latest, 22)	pending	0	https://github.com/Odenknight/GKOS-Engine/actions/runs/34301637172/job/102310880584	
current-runtime (windows-latest, 24)	pending	0	https://github.com/Odenknight/GKOS-Engine/actions/runs/34301637172/job/102310880753	
current-runtime (windows-latest, 26)	pending	0	https://github.com/Odenknight/GKOS-Engine/actions/runs/34301633568/job/102310625203	
windows-retrieval-path-security (24)	pass	1m8s	https://github.com/Odenknight/GKOS-Engine/actions/runs/34301637353/job/102309585298	
phase4-retrieval-observation-manual	skipping	0	https://github.com/Odenknight/GKOS-Engine/actions/runs/34301633576/job/102309574465	
phase4-retrieval-observation-manual	skipping	0	https://github.com/Odenknight/GKOS-Engine/actions/runs/34301637353/job/102309585880	
Refreshing checks status every 60 seconds. Press Ctrl+C to quit.

build (22)	pass	18m59s	https://github.com/Odenknight/GKOS-Engine/actions/runs/34301633576/job/102309573917	
build (22)	pass	19m28s	https://github.com/Odenknight/GKOS-Engine/actions/runs/34301637353/job/102309585247	
build (24)	pass	18m19s	https://github.com/Odenknight/GKOS-Engine/actions/runs/34301633576/job/102309573945	
build (24)	pass	18m7s	https://github.com/Odenknight/GKOS-Engine/actions/runs/34301637353/job/102309585327	
build (26)	pass	17m29s	https://github.com/Odenknight/GKOS-Engine/actions/runs/34301633576/job/102309574037	
build (26)	pass	16m30s	https://github.com/Odenknight/GKOS-Engine/actions/runs/34301637353/job/102309585326	
current-2-2	pass	56s	https://github.com/Odenknight/GKOS-Engine/actions/runs/34301637137/job/102309584037	
current-runtime (ubuntu-24.04, 22)	pass	10m30s	https://github.com/Odenknight/GKOS-Engine/actions/runs/34301633568/job/102310625220	
current-runtime (ubuntu-24.04, 22)	pass	13m4s	https://github.com/Odenknight/GKOS-Engine/actions/runs/34301637172/job/102310880693	
current-runtime (ubuntu-24.04, 24)	pass	12m48s	https://github.com/Odenknight/GKOS-Engine/actions/runs/34301633568/job/102310625262	
current-runtime (ubuntu-24.04, 24)	pass	13m18s	https://github.com/Odenknight/GKOS-Engine/actions/runs/34301637172/job/102310880645	
current-runtime (ubuntu-24.04, 26)	pass	13m59s	https://github.com/Odenknight/GKOS-Engine/actions/runs/34301633568/job/102310625336	
current-runtime (ubuntu-24.04, 26)	pass	13m37s	https://github.com/Odenknight/GKOS-Engine/actions/runs/34301637172/job/102310880716	
current-runtime (windows-latest, 24)	pass	24m32s	https://github.com/Odenknight/GKOS-Engine/actions/runs/34301633568/job/102310625231	
current-runtime (windows-latest, 26)	pass	22m12s	https://github.com/Odenknight/GKOS-Engine/actions/runs/34301637172/job/102310880650	
historical-contract-replay (macos-14, 22)	pass	1m42s	https://github.com/Odenknight/GKOS-Engine/actions/runs/34301633568/job/102309574243	
historical-contract-replay (macos-14, 22)	pass	1m31s	https://github.com/Odenknight/GKOS-Engine/actions/runs/34301637172/job/102309584691	
historical-contract-replay (macos-14, 23)	pass	1m48s	https://github.com/Odenknight/GKOS-Engine/actions/runs/34301633568/job/102309573666	
historical-contract-replay (macos-14, 23)	pass	1m35s	https://github.com/Odenknight/GKOS-Engine/actions/runs/34301637172/job/102309584685	
historical-contract-replay (macos-14, 24)	pass	1m26s	https://github.com/Odenknight/GKOS-Engine/actions/runs/34301633568/job/102309573845	
historical-contract-replay (macos-14, 24)	pass	1m53s	https://github.com/Odenknight/GKOS-Engine/actions/runs/34301637172/job/102309584696	
historical-contract-replay (ubuntu-24.04, 22)	pass	1m52s	https://github.com/Odenknight/GKOS-Engine/actions/runs/34301633568/job/102309573961	
historical-contract-replay (ubuntu-24.04, 22)	pass	1m57s	https://github.com/Odenknight/GKOS-Engine/actions/runs/34301637172/job/102309584683	
historical-contract-replay (ubuntu-24.04, 23)	pass	1m50s	https://github.com/Odenknight/GKOS-Engine/actions/runs/34301633568/job/102309573857	
historical-contract-replay (ubuntu-24.04, 23)	pass	1m47s	https://github.com/Odenknight/GKOS-Engine/actions/runs/34301637172/job/102309584678	
historical-contract-replay (ubuntu-24.04, 24)	pass	1m36s	https://github.com/Odenknight/GKOS-Engine/actions/runs/34301633568/job/102309573936	
historical-contract-replay (ubuntu-24.04, 24)	pass	1m42s	https://github.com/Odenknight/GKOS-Engine/actions/runs/34301637172/job/102309584725	
historical-contract-replay (windows-latest, 22)	pass	3m1s	https://github.com/Odenknight/GKOS-Engine/actions/runs/34301633568/job/102309573984	
historical-contract-replay (windows-latest, 22)	pass	3m7s	https://github.com/Odenknight/GKOS-Engine/actions/runs/34301637172/job/102309584521	
historical-contract-replay (windows-latest, 23)	pass	2m58s	https://github.com/Odenknight/GKOS-Engine/actions/runs/34301633568/job/102309573874	
historical-contract-replay (windows-latest, 23)	pass	2m57s	https://github.com/Odenknight/GKOS-Engine/actions/runs/34301637172/job/102309584612	
historical-contract-replay (windows-latest, 24)	pass	2m53s	https://github.com/Odenknight/GKOS-Engine/actions/runs/34301633568/job/102309573905	
historical-contract-replay (windows-latest, 24)	pass	2m35s	https://github.com/Odenknight/GKOS-Engine/actions/runs/34301637172/job/102309584690	
native-no-change (ubuntu-24.04, 22)	pass	24s	https://github.com/Odenknight/GKOS-Engine/actions/runs/34301637127/job/102309584153	
native-no-change (ubuntu-24.04, 24)	pass	22s	https://github.com/Odenknight/GKOS-Engine/actions/runs/34301637127/job/102309584036	
native-no-change (windows-latest, 22)	pass	1m15s	https://github.com/Odenknight/GKOS-Engine/actions/runs/34301637127/job/102309584195	
native-no-change (windows-latest, 24)	pass	1m1s	https://github.com/Odenknight/GKOS-Engine/actions/runs/34301637127/job/102309584339	
phase5-watcher-artifact-audit	pass	25s	https://github.com/Odenknight/GKOS-Engine/actions/runs/34301633576/job/102312594950	
phase5-watcher-artifact-audit	pass	29s	https://github.com/Odenknight/GKOS-Engine/actions/runs/34301637353/job/102312860430	
phase5-watcher-linux (22)	pass	3m10s	https://github.com/Odenknight/GKOS-Engine/actions/runs/34301633576/job/102309574072	
phase5-watcher-linux (22)	pass	2m21s	https://github.com/Odenknight/GKOS-Engine/actions/runs/34301637353/job/102309585360	
phase5-watcher-linux (24)	pass	2m34s	https://github.com/Odenknight/GKOS-Engine/actions/runs/34301633576/job/102309573762	
phase5-watcher-linux (24)	pass	3m4s	https://github.com/Odenknight/GKOS-Engine/actions/runs/34301637353/job/102309585331	
phase5-watcher-linux (26)	pass	3m3s	https://github.com/Odenknight/GKOS-Engine/actions/runs/34301633576/job/102309573913	
phase5-watcher-linux (26)	pass	3m1s	https://github.com/Odenknight/GKOS-Engine/actions/runs/34301637353/job/102309585479	
phase5-watcher-windows (22)	pass	10m44s	https://github.com/Odenknight/GKOS-Engine/actions/runs/34301633576/job/102309573970	
phase5-watcher-windows (22)	pass	11m47s	https://github.com/Odenknight/GKOS-Engine/actions/runs/34301637353/job/102309585317	
phase5-watcher-windows (24)	pass	10m33s	https://github.com/Odenknight/GKOS-Engine/actions/runs/34301633576/job/102309573966	
phase5-watcher-windows (24)	pass	11m53s	https://github.com/Odenknight/GKOS-Engine/actions/runs/34301637353/job/102309585271	
phase5-watcher-windows (26)	pass	9m59s	https://github.com/Odenknight/GKOS-Engine/actions/runs/34301633576/job/102309573956	
phase5-watcher-windows (26)	pass	11m11s	https://github.com/Odenknight/GKOS-Engine/actions/runs/34301637353/job/102309585328	
windows-retrieval-path-security (22)	pass	1m10s	https://github.com/Odenknight/GKOS-Engine/actions/runs/34301633576/job/102309574189	
windows-retrieval-path-security (22)	pass	1m56s	https://github.com/Odenknight/GKOS-Engine/actions/runs/34301637353/job/102309585357	
windows-retrieval-path-security (24)	pass	1m46s	https://github.com/Odenknight/GKOS-Engine/actions/runs/34301633576/job/102309574039	
windows-retrieval-path-security (26)	pass	1m12s	https://github.com/Odenknight/GKOS-Engine/actions/runs/34301633576/job/102309573962	
windows-retrieval-path-security (26)	pass	57s	https://github.com/Odenknight/GKOS-Engine/actions/runs/34301637353/job/102309585106	
current-runtime (windows-latest, 22)	pending	0	https://github.com/Odenknight/GKOS-Engine/actions/runs/34301633568/job/102310625217	
current-runtime (windows-latest, 22)	pending	0	https://github.com/Odenknight/GKOS-Engine/actions/runs/34301637172/job/102310880584	
current-runtime (windows-latest, 24)	pending	0	https://github.com/Odenknight/GKOS-Engine/actions/runs/34301637172/job/102310880753	
current-runtime (windows-latest, 26)	pending	0	https://github.com/Odenknight/GKOS-Engine/actions/runs/34301633568/job/102310625203	
windows-retrieval-path-security (24)	pass	1m8s	https://github.com/Odenknight/GKOS-Engine/actions/runs/34301637353/job/102309585298	
phase4-retrieval-observation-manual	skipping	0	https://github.com/Odenknight/GKOS-Engine/actions/runs/34301633576/job/102309574465	
phase4-retrieval-observation-manual	skipping	0	https://github.com/Odenknight/GKOS-Engine/actions/runs/34301637353/job/102309585880	
Refreshing checks status every 60 seconds. Press Ctrl+C to quit.

build (22)	pass	18m59s	https://github.com/Odenknight/GKOS-Engine/actions/runs/34301633576/job/102309573917	
build (22)	pass	19m28s	https://github.com/Odenknight/GKOS-Engine/actions/runs/34301637353/job/102309585247	
build (24)	pass	18m19s	https://github.com/Odenknight/GKOS-Engine/actions/runs/34301633576/job/102309573945	
build (24)	pass	18m7s	https://github.com/Odenknight/GKOS-Engine/actions/runs/34301637353/job/102309585327	
build (26)	pass	17m29s	https://github.com/Odenknight/GKOS-Engine/actions/runs/34301633576/job/102309574037	
build (26)	pass	16m30s	https://github.com/Odenknight/GKOS-Engine/actions/runs/34301637353/job/102309585326	
current-2-2	pass	56s	https://github.com/Odenknight/GKOS-Engine/actions/runs/34301637137/job/102309584037	
current-runtime (ubuntu-24.04, 22)	pass	10m30s	https://github.com/Odenknight/GKOS-Engine/actions/runs/34301633568/job/102310625220	
current-runtime (ubuntu-24.04, 22)	pass	13m4s	https://github.com/Odenknight/GKOS-Engine/actions/runs/34301637172/job/102310880693	
current-runtime (ubuntu-24.04, 24)	pass	12m48s	https://github.com/Odenknight/GKOS-Engine/actions/runs/34301633568/job/102310625262	
current-runtime (ubuntu-24.04, 24)	pass	13m18s	https://github.com/Odenknight/GKOS-Engine/actions/runs/34301637172/job/102310880645	
current-runtime (ubuntu-24.04, 26)	pass	13m59s	https://github.com/Odenknight/GKOS-Engine/actions/runs/34301633568/job/102310625336	
current-runtime (ubuntu-24.04, 26)	pass	13m37s	https://github.com/Odenknight/GKOS-Engine/actions/runs/34301637172/job/102310880716	
current-runtime (windows-latest, 24)	pass	24m32s	https://github.com/Odenknight/GKOS-Engine/actions/runs/34301633568/job/102310625231	
current-runtime (windows-latest, 24)	pass	26m13s	https://github.com/Odenknight/GKOS-Engine/actions/runs/34301637172/job/102310880753	
current-runtime (windows-latest, 26)	pass	22m12s	https://github.com/Odenknight/GKOS-Engine/actions/runs/34301637172/job/102310880650	
historical-contract-replay (macos-14, 22)	pass	1m42s	https://github.com/Odenknight/GKOS-Engine/actions/runs/34301633568/job/102309574243	
historical-contract-replay (macos-14, 22)	pass	1m31s	https://github.com/Odenknight/GKOS-Engine/actions/runs/34301637172/job/102309584691	
historical-contract-replay (macos-14, 23)	pass	1m48s	https://github.com/Odenknight/GKOS-Engine/actions/runs/34301633568/job/102309573666	
historical-contract-replay (macos-14, 23)	pass	1m35s	https://github.com/Odenknight/GKOS-Engine/actions/runs/34301637172/job/102309584685	
historical-contract-replay (macos-14, 24)	pass	1m26s	https://github.com/Odenknight/GKOS-Engine/actions/runs/34301633568/job/102309573845	
historical-contract-replay (macos-14, 24)	pass	1m53s	https://github.com/Odenknight/GKOS-Engine/actions/runs/34301637172/job/102309584696	
historical-contract-replay (ubuntu-24.04, 22)	pass	1m52s	https://github.com/Odenknight/GKOS-Engine/actions/runs/34301633568/job/102309573961	
historical-contract-replay (ubuntu-24.04, 22)	pass	1m57s	https://github.com/Odenknight/GKOS-Engine/actions/runs/34301637172/job/102309584683	
historical-contract-replay (ubuntu-24.04, 23)	pass	1m50s	https://github.com/Odenknight/GKOS-Engine/actions/runs/34301633568/job/102309573857	
historical-contract-replay (ubuntu-24.04, 23)	pass	1m47s	https://github.com/Odenknight/GKOS-Engine/actions/runs/34301637172/job/102309584678	
historical-contract-replay (ubuntu-24.04, 24)	pass	1m36s	https://github.com/Odenknight/GKOS-Engine/actions/runs/34301633568/job/102309573936	
historical-contract-replay (ubuntu-24.04, 24)	pass	1m42s	https://github.com/Odenknight/GKOS-Engine/actions/runs/34301637172/job/102309584725	
historical-contract-replay (windows-latest, 22)	pass	3m1s	https://github.com/Odenknight/GKOS-Engine/actions/runs/34301633568/job/102309573984	
historical-contract-replay (windows-latest, 22)	pass	3m7s	https://github.com/Odenknight/GKOS-Engine/actions/runs/34301637172/job/102309584521	
historical-contract-replay (windows-latest, 23)	pass	2m58s	https://github.com/Odenknight/GKOS-Engine/actions/runs/34301633568/job/102309573874	
historical-contract-replay (windows-latest, 23)	pass	2m57s	https://github.com/Odenknight/GKOS-Engine/actions/runs/34301637172/job/102309584612	
historical-contract-replay (windows-latest, 24)	pass	2m53s	https://github.com/Odenknight/GKOS-Engine/actions/runs/34301633568/job/102309573905	
historical-contract-replay (windows-latest, 24)	pass	2m35s	https://github.com/Odenknight/GKOS-Engine/actions/runs/34301637172/job/102309584690	
native-no-change (ubuntu-24.04, 22)	pass	24s	https://github.com/Odenknight/GKOS-Engine/actions/runs/34301637127/job/102309584153	
native-no-change (ubuntu-24.04, 24)	pass	22s	https://github.com/Odenknight/GKOS-Engine/actions/runs/34301637127/job/102309584036	
native-no-change (windows-latest, 22)	pass	1m15s	https://github.com/Odenknight/GKOS-Engine/actions/runs/34301637127/job/102309584195	
native-no-change (windows-latest, 24)	pass	1m1s	https://github.com/Odenknight/GKOS-Engine/actions/runs/34301637127/job/102309584339	
phase5-watcher-artifact-audit	pass	25s	https://github.com/Odenknight/GKOS-Engine/actions/runs/34301633576/job/102312594950	
phase5-watcher-artifact-audit	pass	29s	https://github.com/Odenknight/GKOS-Engine/actions/runs/34301637353/job/102312860430	
phase5-watcher-linux (22)	pass	3m10s	https://github.com/Odenknight/GKOS-Engine/actions/runs/34301633576/job/102309574072	
phase5-watcher-linux (22)	pass	2m21s	https://github.com/Odenknight/GKOS-Engine/actions/runs/34301637353/job/102309585360	
phase5-watcher-linux (24)	pass	2m34s	https://github.com/Odenknight/GKOS-Engine/actions/runs/34301633576/job/102309573762	
phase5-watcher-linux (24)	pass	3m4s	https://github.com/Odenknight/GKOS-Engine/actions/runs/34301637353/job/102309585331	
phase5-watcher-linux (26)	pass	3m3s	https://github.com/Odenknight/GKOS-Engine/actions/runs/34301633576/job/102309573913	
phase5-watcher-linux (26)	pass	3m1s	https://github.com/Odenknight/GKOS-Engine/actions/runs/34301637353/job/102309585479	
phase5-watcher-windows (22)	pass	10m44s	https://github.com/Odenknight/GKOS-Engine/actions/runs/34301633576/job/102309573970	
phase5-watcher-windows (22)	pass	11m47s	https://github.com/Odenknight/GKOS-Engine/actions/runs/34301637353/job/102309585317	
phase5-watcher-windows (24)	pass	10m33s	https://github.com/Odenknight/GKOS-Engine/actions/runs/34301633576/job/102309573966	
phase5-watcher-windows (24)	pass	11m53s	https://github.com/Odenknight/GKOS-Engine/actions/runs/34301637353/job/102309585271	
phase5-watcher-windows (26)	pass	9m59s	https://github.com/Odenknight/GKOS-Engine/actions/runs/34301633576/job/102309573956	
phase5-watcher-windows (26)	pass	11m11s	https://github.com/Odenknight/GKOS-Engine/actions/runs/34301637353/job/102309585328	
windows-retrieval-path-security (22)	pass	1m10s	https://github.com/Odenknight/GKOS-Engine/actions/runs/34301633576/job/102309574189	
windows-retrieval-path-security (22)	pass	1m56s	https://github.com/Odenknight/GKOS-Engine/actions/runs/34301637353/job/102309585357	
windows-retrieval-path-security (24)	pass	1m46s	https://github.com/Odenknight/GKOS-Engine/actions/runs/34301633576/job/102309574039	
windows-retrieval-path-security (26)	pass	1m12s	https://github.com/Odenknight/GKOS-Engine/actions/runs/34301633576/job/102309573962	
windows-retrieval-path-security (26)	pass	57s	https://github.com/Odenknight/GKOS-Engine/actions/runs/34301637353/job/102309585106	
current-runtime (windows-latest, 22)	pending	0	https://github.com/Odenknight/GKOS-Engine/actions/runs/34301633568/job/102310625217	
current-runtime (windows-latest, 22)	pending	0	https://github.com/Odenknight/GKOS-Engine/actions/runs/34301637172/job/102310880584	
current-runtime (windows-latest, 26)	pending	0	https://github.com/Odenknight/GKOS-Engine/actions/runs/34301633568/job/102310625203	
windows-retrieval-path-security (24)	pass	1m8s	https://github.com/Odenknight/GKOS-Engine/actions/runs/34301637353/job/102309585298	
phase4-retrieval-observation-manual	skipping	0	https://github.com/Odenknight/GKOS-Engine/actions/runs/34301633576/job/102309574465	
phase4-retrieval-observation-manual	skipping	0	https://github.com/Odenknight/GKOS-Engine/actions/runs/34301637353/job/102309585880	
Refreshing checks status every 60 seconds. Press Ctrl+C to quit.

build (22)	pass	18m59s	https://github.com/Odenknight/GKOS-Engine/actions/runs/34301633576/job/102309573917	
build (22)	pass	19m28s	https://github.com/Odenknight/GKOS-Engine/actions/runs/34301637353/job/102309585247	
build (24)	pass	18m19s	https://github.com/Odenknight/GKOS-Engine/actions/runs/34301633576/job/102309573945	
build (24)	pass	18m7s	https://github.com/Odenknight/GKOS-Engine/actions/runs/34301637353/job/102309585327	
build (26)	pass	17m29s	https://github.com/Odenknight/GKOS-Engine/actions/runs/34301633576/job/102309574037	
build (26)	pass	16m30s	https://github.com/Odenknight/GKOS-Engine/actions/runs/34301637353/job/102309585326	
current-2-2	pass	56s	https://github.com/Odenknight/GKOS-Engine/actions/runs/34301637137/job/102309584037	
current-runtime (ubuntu-24.04, 22)	pass	10m30s	https://github.com/Odenknight/GKOS-Engine/actions/runs/34301633568/job/102310625220	
current-runtime (ubuntu-24.04, 22)	pass	13m4s	https://github.com/Odenknight/GKOS-Engine/actions/runs/34301637172/job/102310880693	
current-runtime (ubuntu-24.04, 24)	pass	12m48s	https://github.com/Odenknight/GKOS-Engine/actions/runs/34301633568/job/102310625262	
current-runtime (ubuntu-24.04, 24)	pass	13m18s	https://github.com/Odenknight/GKOS-Engine/actions/runs/34301637172/job/102310880645	
current-runtime (ubuntu-24.04, 26)	pass	13m59s	https://github.com/Odenknight/GKOS-Engine/actions/runs/34301633568/job/102310625336	
current-runtime (ubuntu-24.04, 26)	pass	13m37s	https://github.com/Odenknight/GKOS-Engine/actions/runs/34301637172/job/102310880716	
current-runtime (windows-latest, 22)	pass	26m43s	https://github.com/Odenknight/GKOS-Engine/actions/runs/34301637172/job/102310880584	
current-runtime (windows-latest, 24)	pass	24m32s	https://github.com/Odenknight/GKOS-Engine/actions/runs/34301633568/job/102310625231	
current-runtime (windows-latest, 24)	pass	26m13s	https://github.com/Odenknight/GKOS-Engine/actions/runs/34301637172/job/102310880753	
current-runtime (windows-latest, 26)	pass	22m12s	https://github.com/Odenknight/GKOS-Engine/actions/runs/34301637172/job/102310880650	
historical-contract-replay (macos-14, 22)	pass	1m42s	https://github.com/Odenknight/GKOS-Engine/actions/runs/34301633568/job/102309574243	
historical-contract-replay (macos-14, 22)	pass	1m31s	https://github.com/Odenknight/GKOS-Engine/actions/runs/34301637172/job/102309584691	
historical-contract-replay (macos-14, 23)	pass	1m48s	https://github.com/Odenknight/GKOS-Engine/actions/runs/34301633568/job/102309573666	
historical-contract-replay (macos-14, 23)	pass	1m35s	https://github.com/Odenknight/GKOS-Engine/actions/runs/34301637172/job/102309584685	
historical-contract-replay (macos-14, 24)	pass	1m26s	https://github.com/Odenknight/GKOS-Engine/actions/runs/34301633568/job/102309573845	
historical-contract-replay (macos-14, 24)	pass	1m53s	https://github.com/Odenknight/GKOS-Engine/actions/runs/34301637172/job/102309584696	
historical-contract-replay (ubuntu-24.04, 22)	pass	1m52s	https://github.com/Odenknight/GKOS-Engine/actions/runs/34301633568/job/102309573961	
historical-contract-replay (ubuntu-24.04, 22)	pass	1m57s	https://github.com/Odenknight/GKOS-Engine/actions/runs/34301637172/job/102309584683	
historical-contract-replay (ubuntu-24.04, 23)	pass	1m50s	https://github.com/Odenknight/GKOS-Engine/actions/runs/34301633568/job/102309573857	
historical-contract-replay (ubuntu-24.04, 23)	pass	1m47s	https://github.com/Odenknight/GKOS-Engine/actions/runs/34301637172/job/102309584678	
historical-contract-replay (ubuntu-24.04, 24)	pass	1m36s	https://github.com/Odenknight/GKOS-Engine/actions/runs/34301633568/job/102309573936	
historical-contract-replay (ubuntu-24.04, 24)	pass	1m42s	https://github.com/Odenknight/GKOS-Engine/actions/runs/34301637172/job/102309584725	
historical-contract-replay (windows-latest, 22)	pass	3m1s	https://github.com/Odenknight/GKOS-Engine/actions/runs/34301633568/job/102309573984	
historical-contract-replay (windows-latest, 22)	pass	3m7s	https://github.com/Odenknight/GKOS-Engine/actions/runs/34301637172/job/102309584521	
historical-contract-replay (windows-latest, 23)	pass	2m58s	https://github.com/Odenknight/GKOS-Engine/actions/runs/34301633568/job/102309573874	
historical-contract-replay (windows-latest, 23)	pass	2m57s	https://github.com/Odenknight/GKOS-Engine/actions/runs/34301637172/job/102309584612	
historical-contract-replay (windows-latest, 24)	pass	2m53s	https://github.com/Odenknight/GKOS-Engine/actions/runs/34301633568/job/102309573905	
historical-contract-replay (windows-latest, 24)	pass	2m35s	https://github.com/Odenknight/GKOS-Engine/actions/runs/34301637172/job/102309584690	
native-no-change (ubuntu-24.04, 22)	pass	24s	https://github.com/Odenknight/GKOS-Engine/actions/runs/34301637127/job/102309584153	
native-no-change (ubuntu-24.04, 24)	pass	22s	https://github.com/Odenknight/GKOS-Engine/actions/runs/34301637127/job/102309584036	
native-no-change (windows-latest, 22)	pass	1m15s	https://github.com/Odenknight/GKOS-Engine/actions/runs/34301637127/job/102309584195	
native-no-change (windows-latest, 24)	pass	1m1s	https://github.com/Odenknight/GKOS-Engine/actions/runs/34301637127/job/102309584339	
phase5-watcher-artifact-audit	pass	25s	https://github.com/Odenknight/GKOS-Engine/actions/runs/34301633576/job/102312594950	
phase5-watcher-artifact-audit	pass	29s	https://github.com/Odenknight/GKOS-Engine/actions/runs/34301637353/job/102312860430	
phase5-watcher-linux (22)	pass	3m10s	https://github.com/Odenknight/GKOS-Engine/actions/runs/34301633576/job/102309574072	
phase5-watcher-linux (22)	pass	2m21s	https://github.com/Odenknight/GKOS-Engine/actions/runs/34301637353/job/102309585360	
phase5-watcher-linux (24)	pass	2m34s	https://github.com/Odenknight/GKOS-Engine/actions/runs/34301633576/job/102309573762	
phase5-watcher-linux (24)	pass	3m4s	https://github.com/Odenknight/GKOS-Engine/actions/runs/34301637353/job/102309585331	
phase5-watcher-linux (26)	pass	3m3s	https://github.com/Odenknight/GKOS-Engine/actions/runs/34301633576/job/102309573913	
phase5-watcher-linux (26)	pass	3m1s	https://github.com/Odenknight/GKOS-Engine/actions/runs/34301637353/job/102309585479	
phase5-watcher-windows (22)	pass	10m44s	https://github.com/Odenknight/GKOS-Engine/actions/runs/34301633576/job/102309573970	
phase5-watcher-windows (22)	pass	11m47s	https://github.com/Odenknight/GKOS-Engine/actions/runs/34301637353/job/102309585317	
phase5-watcher-windows (24)	pass	10m33s	https://github.com/Odenknight/GKOS-Engine/actions/runs/34301633576/job/102309573966	
phase5-watcher-windows (24)	pass	11m53s	https://github.com/Odenknight/GKOS-Engine/actions/runs/34301637353/job/102309585271	
phase5-watcher-windows (26)	pass	9m59s	https://github.com/Odenknight/GKOS-Engine/actions/runs/34301633576/job/102309573956	
phase5-watcher-windows (26)	pass	11m11s	https://github.com/Odenknight/GKOS-Engine/actions/runs/34301637353/job/102309585328	
windows-retrieval-path-security (22)	pass	1m10s	https://github.com/Odenknight/GKOS-Engine/actions/runs/34301633576/job/102309574189	
windows-retrieval-path-security (22)	pass	1m56s	https://github.com/Odenknight/GKOS-Engine/actions/runs/34301637353/job/102309585357	
windows-retrieval-path-security (24)	pass	1m46s	https://github.com/Odenknight/GKOS-Engine/actions/runs/34301633576/job/102309574039	
windows-retrieval-path-security (26)	pass	1m12s	https://github.com/Odenknight/GKOS-Engine/actions/runs/34301633576/job/102309573962	
windows-retrieval-path-security (26)	pass	57s	https://github.com/Odenknight/GKOS-Engine/actions/runs/34301637353/job/102309585106	
current-runtime (windows-latest, 22)	pending	0	https://github.com/Odenknight/GKOS-Engine/actions/runs/34301633568/job/102310625217	
current-runtime (windows-latest, 26)	pending	0	https://github.com/Odenknight/GKOS-Engine/actions/runs/34301633568/job/102310625203	
windows-retrieval-path-security (24)	pass	1m8s	https://github.com/Odenknight/GKOS-Engine/actions/runs/34301637353/job/102309585298	
phase4-retrieval-observation-manual	skipping	0	https://github.com/Odenknight/GKOS-Engine/actions/runs/34301633576/job/102309574465	
phase4-retrieval-observation-manual	skipping	0	https://github.com/Odenknight/GKOS-Engine/actions/runs/34301637353/job/102309585880	
Refreshing checks status every 60 seconds. Press Ctrl+C to quit.

build (22)	pass	18m59s	https://github.com/Odenknight/GKOS-Engine/actions/runs/34301633576/job/102309573917	
build (22)	pass	19m28s	https://github.com/Odenknight/GKOS-Engine/actions/runs/34301637353/job/102309585247	
build (24)	pass	18m19s	https://github.com/Odenknight/GKOS-Engine/actions/runs/34301633576/job/102309573945	
build (24)	pass	18m7s	https://github.com/Odenknight/GKOS-Engine/actions/runs/34301637353/job/102309585327	
build (26)	pass	17m29s	https://github.com/Odenknight/GKOS-Engine/actions/runs/34301633576/job/102309574037	
build (26)	pass	16m30s	https://github.com/Odenknight/GKOS-Engine/actions/runs/34301637353/job/102309585326	
current-2-2	pass	56s	https://github.com/Odenknight/GKOS-Engine/actions/runs/34301637137/job/102309584037	
current-runtime (ubuntu-24.04, 22)	pass	10m30s	https://github.com/Odenknight/GKOS-Engine/actions/runs/34301633568/job/102310625220	
current-runtime (ubuntu-24.04, 22)	pass	13m4s	https://github.com/Odenknight/GKOS-Engine/actions/runs/34301637172/job/102310880693	
current-runtime (ubuntu-24.04, 24)	pass	12m48s	https://github.com/Odenknight/GKOS-Engine/actions/runs/34301633568/job/102310625262	
current-runtime (ubuntu-24.04, 24)	pass	13m18s	https://github.com/Odenknight/GKOS-Engine/actions/runs/34301637172/job/102310880645	
current-runtime (ubuntu-24.04, 26)	pass	13m59s	https://github.com/Odenknight/GKOS-Engine/actions/runs/34301633568/job/102310625336	
current-runtime (ubuntu-24.04, 26)	pass	13m37s	https://github.com/Odenknight/GKOS-Engine/actions/runs/34301637172/job/102310880716	
current-runtime (windows-latest, 22)	pass	28m47s	https://github.com/Odenknight/GKOS-Engine/actions/runs/34301633568/job/102310625217	
current-runtime (windows-latest, 22)	pass	26m43s	https://github.com/Odenknight/GKOS-Engine/actions/runs/34301637172/job/102310880584	
current-runtime (windows-latest, 24)	pass	24m32s	https://github.com/Odenknight/GKOS-Engine/actions/runs/34301633568/job/102310625231	
current-runtime (windows-latest, 24)	pass	26m13s	https://github.com/Odenknight/GKOS-Engine/actions/runs/34301637172/job/102310880753	
current-runtime (windows-latest, 26)	pass	22m12s	https://github.com/Odenknight/GKOS-Engine/actions/runs/34301637172/job/102310880650	
historical-contract-replay (macos-14, 22)	pass	1m42s	https://github.com/Odenknight/GKOS-Engine/actions/runs/34301633568/job/102309574243	
historical-contract-replay (macos-14, 22)	pass	1m31s	https://github.com/Odenknight/GKOS-Engine/actions/runs/34301637172/job/102309584691	
historical-contract-replay (macos-14, 23)	pass	1m48s	https://github.com/Odenknight/GKOS-Engine/actions/runs/34301633568/job/102309573666	
historical-contract-replay (macos-14, 23)	pass	1m35s	https://github.com/Odenknight/GKOS-Engine/actions/runs/34301637172/job/102309584685	
historical-contract-replay (macos-14, 24)	pass	1m26s	https://github.com/Odenknight/GKOS-Engine/actions/runs/34301633568/job/102309573845	
historical-contract-replay (macos-14, 24)	pass	1m53s	https://github.com/Odenknight/GKOS-Engine/actions/runs/34301637172/job/102309584696	
historical-contract-replay (ubuntu-24.04, 22)	pass	1m52s	https://github.com/Odenknight/GKOS-Engine/actions/runs/34301633568/job/102309573961	
historical-contract-replay (ubuntu-24.04, 22)	pass	1m57s	https://github.com/Odenknight/GKOS-Engine/actions/runs/34301637172/job/102309584683	
historical-contract-replay (ubuntu-24.04, 23)	pass	1m50s	https://github.com/Odenknight/GKOS-Engine/actions/runs/34301633568/job/102309573857	
historical-contract-replay (ubuntu-24.04, 23)	pass	1m47s	https://github.com/Odenknight/GKOS-Engine/actions/runs/34301637172/job/102309584678	
historical-contract-replay (ubuntu-24.04, 24)	pass	1m36s	https://github.com/Odenknight/GKOS-Engine/actions/runs/34301633568/job/102309573936	
historical-contract-replay (ubuntu-24.04, 24)	pass	1m42s	https://github.com/Odenknight/GKOS-Engine/actions/runs/34301637172/job/102309584725	
historical-contract-replay (windows-latest, 22)	pass	3m1s	https://github.com/Odenknight/GKOS-Engine/actions/runs/34301633568/job/102309573984	
historical-contract-replay (windows-latest, 22)	pass	3m7s	https://github.com/Odenknight/GKOS-Engine/actions/runs/34301637172/job/102309584521	
historical-contract-replay (windows-latest, 23)	pass	2m58s	https://github.com/Odenknight/GKOS-Engine/actions/runs/34301633568/job/102309573874	
historical-contract-replay (windows-latest, 23)	pass	2m57s	https://github.com/Odenknight/GKOS-Engine/actions/runs/34301637172/job/102309584612	
historical-contract-replay (windows-latest, 24)	pass	2m53s	https://github.com/Odenknight/GKOS-Engine/actions/runs/34301633568/job/102309573905	
historical-contract-replay (windows-latest, 24)	pass	2m35s	https://github.com/Odenknight/GKOS-Engine/actions/runs/34301637172/job/102309584690	
native-no-change (ubuntu-24.04, 22)	pass	24s	https://github.com/Odenknight/GKOS-Engine/actions/runs/34301637127/job/102309584153	
native-no-change (ubuntu-24.04, 24)	pass	22s	https://github.com/Odenknight/GKOS-Engine/actions/runs/34301637127/job/102309584036	
native-no-change (windows-latest, 22)	pass	1m15s	https://github.com/Odenknight/GKOS-Engine/actions/runs/34301637127/job/102309584195	
native-no-change (windows-latest, 24)	pass	1m1s	https://github.com/Odenknight/GKOS-Engine/actions/runs/34301637127/job/102309584339	
phase5-watcher-artifact-audit	pass	25s	https://github.com/Odenknight/GKOS-Engine/actions/runs/34301633576/job/102312594950	
phase5-watcher-artifact-audit	pass	29s	https://github.com/Odenknight/GKOS-Engine/actions/runs/34301637353/job/102312860430	
phase5-watcher-linux (22)	pass	3m10s	https://github.com/Odenknight/GKOS-Engine/actions/runs/34301633576/job/102309574072	
phase5-watcher-linux (22)	pass	2m21s	https://github.com/Odenknight/GKOS-Engine/actions/runs/34301637353/job/102309585360	
phase5-watcher-linux (24)	pass	2m34s	https://github.com/Odenknight/GKOS-Engine/actions/runs/34301633576/job/102309573762	
phase5-watcher-linux (24)	pass	3m4s	https://github.com/Odenknight/GKOS-Engine/actions/runs/34301637353/job/102309585331	
phase5-watcher-linux (26)	pass	3m3s	https://github.com/Odenknight/GKOS-Engine/actions/runs/34301633576/job/102309573913	
phase5-watcher-linux (26)	pass	3m1s	https://github.com/Odenknight/GKOS-Engine/actions/runs/34301637353/job/102309585479	
phase5-watcher-windows (22)	pass	10m44s	https://github.com/Odenknight/GKOS-Engine/actions/runs/34301633576/job/102309573970	
phase5-watcher-windows (22)	pass	11m47s	https://github.com/Odenknight/GKOS-Engine/actions/runs/34301637353/job/102309585317	
phase5-watcher-windows (24)	pass	10m33s	https://github.com/Odenknight/GKOS-Engine/actions/runs/34301633576/job/102309573966	
phase5-watcher-windows (24)	pass	11m53s	https://github.com/Odenknight/GKOS-Engine/actions/runs/34301637353/job/102309585271	
phase5-watcher-windows (26)	pass	9m59s	https://github.com/Odenknight/GKOS-Engine/actions/runs/34301633576/job/102309573956	
phase5-watcher-windows (26)	pass	11m11s	https://github.com/Odenknight/GKOS-Engine/actions/runs/34301637353/job/102309585328	
windows-retrieval-path-security (22)	pass	1m10s	https://github.com/Odenknight/GKOS-Engine/actions/runs/34301633576/job/102309574189	
windows-retrieval-path-security (22)	pass	1m56s	https://github.com/Odenknight/GKOS-Engine/actions/runs/34301637353/job/102309585357	
windows-retrieval-path-security (24)	pass	1m46s	https://github.com/Odenknight/GKOS-Engine/actions/runs/34301633576/job/102309574039	
windows-retrieval-path-security (24)	pass	1m8s	https://github.com/Odenknight/GKOS-Engine/actions/runs/34301637353/job/102309585298	
windows-retrieval-path-security (26)	pass	1m12s	https://github.com/Odenknight/GKOS-Engine/actions/runs/34301633576/job/102309573962	
current-runtime (windows-latest, 26)	pending	0	https://github.com/Odenknight/GKOS-Engine/actions/runs/34301633568/job/102310625203	
windows-retrieval-path-security (26)	pass	57s	https://github.com/Odenknight/GKOS-Engine/actions/runs/34301637353/job/102309585106	
phase4-retrieval-observation-manual	skipping	0	https://github.com/Odenknight/GKOS-Engine/actions/runs/34301633576/job/102309574465	
phase4-retrieval-observation-manual	skipping	0	https://github.com/Odenknight/GKOS-Engine/actions/runs/34301637353/job/102309585880	
build (22)	pass	18m59s	https://github.com/Odenknight/GKOS-Engine/actions/runs/34301633576/job/102309573917	
build (22)	pass	19m28s	https://github.com/Odenknight/GKOS-Engine/actions/runs/34301637353/job/102309585247	
build (24)	pass	18m19s	https://github.com/Odenknight/GKOS-Engine/actions/runs/34301633576/job/102309573945	
build (24)	pass	18m7s	https://github.com/Odenknight/GKOS-Engine/actions/runs/34301637353/job/102309585327	
build (26)	pass	17m29s	https://github.com/Odenknight/GKOS-Engine/actions/runs/34301633576/job/102309574037	
build (26)	pass	16m30s	https://github.com/Odenknight/GKOS-Engine/actions/runs/34301637353/job/102309585326	
current-2-2	pass	56s	https://github.com/Odenknight/GKOS-Engine/actions/runs/34301637137/job/102309584037	
current-runtime (ubuntu-24.04, 22)	pass	10m30s	https://github.com/Odenknight/GKOS-Engine/actions/runs/34301633568/job/102310625220	
current-runtime (ubuntu-24.04, 22)	pass	13m4s	https://github.com/Odenknight/GKOS-Engine/actions/runs/34301637172/job/102310880693	
current-runtime (ubuntu-24.04, 24)	pass	12m48s	https://github.com/Odenknight/GKOS-Engine/actions/runs/34301633568/job/102310625262	
current-runtime (ubuntu-24.04, 24)	pass	13m18s	https://github.com/Odenknight/GKOS-Engine/actions/runs/34301637172/job/102310880645	
current-runtime (ubuntu-24.04, 26)	pass	13m59s	https://github.com/Odenknight/GKOS-Engine/actions/runs/34301633568/job/102310625336	
current-runtime (ubuntu-24.04, 26)	pass	13m37s	https://github.com/Odenknight/GKOS-Engine/actions/runs/34301637172/job/102310880716	
current-runtime (windows-latest, 22)	pass	28m47s	https://github.com/Odenknight/GKOS-Engine/actions/runs/34301633568/job/102310625217	
current-runtime (windows-latest, 22)	pass	26m43s	https://github.com/Odenknight/GKOS-Engine/actions/runs/34301637172/job/102310880584	
current-runtime (windows-latest, 24)	pass	24m32s	https://github.com/Odenknight/GKOS-Engine/actions/runs/34301633568/job/102310625231	
current-runtime (windows-latest, 24)	pass	26m13s	https://github.com/Odenknight/GKOS-Engine/actions/runs/34301637172/job/102310880753	
current-runtime (windows-latest, 26)	pass	29m44s	https://github.com/Odenknight/GKOS-Engine/actions/runs/34301633568/job/102310625203	
current-runtime (windows-latest, 26)	pass	22m12s	https://github.com/Odenknight/GKOS-Engine/actions/runs/34301637172/job/102310880650	
historical-contract-replay (macos-14, 22)	pass	1m42s	https://github.com/Odenknight/GKOS-Engine/actions/runs/34301633568/job/102309574243	
historical-contract-replay (macos-14, 22)	pass	1m31s	https://github.com/Odenknight/GKOS-Engine/actions/runs/34301637172/job/102309584691	
historical-contract-replay (macos-14, 23)	pass	1m48s	https://github.com/Odenknight/GKOS-Engine/actions/runs/34301633568/job/102309573666	
historical-contract-replay (macos-14, 23)	pass	1m35s	https://github.com/Odenknight/GKOS-Engine/actions/runs/34301637172/job/102309584685	
historical-contract-replay (macos-14, 24)	pass	1m26s	https://github.com/Odenknight/GKOS-Engine/actions/runs/34301633568/job/102309573845	
historical-contract-replay (macos-14, 24)	pass	1m53s	https://github.com/Odenknight/GKOS-Engine/actions/runs/34301637172/job/102309584696	
historical-contract-replay (ubuntu-24.04, 22)	pass	1m52s	https://github.com/Odenknight/GKOS-Engine/actions/runs/34301633568/job/102309573961	
historical-contract-replay (ubuntu-24.04, 22)	pass	1m57s	https://github.com/Odenknight/GKOS-Engine/actions/runs/34301637172/job/102309584683	
historical-contract-replay (ubuntu-24.04, 23)	pass	1m50s	https://github.com/Odenknight/GKOS-Engine/actions/runs/34301633568/job/102309573857	
historical-contract-replay (ubuntu-24.04, 23)	pass	1m47s	https://github.com/Odenknight/GKOS-Engine/actions/runs/34301637172/job/102309584678	
historical-contract-replay (ubuntu-24.04, 24)	pass	1m36s	https://github.com/Odenknight/GKOS-Engine/actions/runs/34301633568/job/102309573936	
historical-contract-replay (ubuntu-24.04, 24)	pass	1m42s	https://github.com/Odenknight/GKOS-Engine/actions/runs/34301637172/job/102309584725	
historical-contract-replay (windows-latest, 22)	pass	3m1s	https://github.com/Odenknight/GKOS-Engine/actions/runs/34301633568/job/102309573984	
historical-contract-replay (windows-latest, 22)	pass	3m7s	https://github.com/Odenknight/GKOS-Engine/actions/runs/34301637172/job/102309584521	
historical-contract-replay (windows-latest, 23)	pass	2m58s	https://github.com/Odenknight/GKOS-Engine/actions/runs/34301633568/job/102309573874	
historical-contract-replay (windows-latest, 23)	pass	2m57s	https://github.com/Odenknight/GKOS-Engine/actions/runs/34301637172/job/102309584612	
historical-contract-replay (windows-latest, 24)	pass	2m53s	https://github.com/Odenknight/GKOS-Engine/actions/runs/34301633568/job/102309573905	
historical-contract-replay (windows-latest, 24)	pass	2m35s	https://github.com/Odenknight/GKOS-Engine/actions/runs/34301637172/job/102309584690	
native-no-change (ubuntu-24.04, 22)	pass	24s	https://github.com/Odenknight/GKOS-Engine/actions/runs/34301637127/job/102309584153	
native-no-change (ubuntu-24.04, 24)	pass	22s	https://github.com/Odenknight/GKOS-Engine/actions/runs/34301637127/job/102309584036	
native-no-change (windows-latest, 22)	pass	1m15s	https://github.com/Odenknight/GKOS-Engine/actions/runs/34301637127/job/102309584195	
native-no-change (windows-latest, 24)	pass	1m1s	https://github.com/Odenknight/GKOS-Engine/actions/runs/34301637127/job/102309584339	
phase5-watcher-artifact-audit	pass	25s	https://github.com/Odenknight/GKOS-Engine/actions/runs/34301633576/job/102312594950	
phase5-watcher-artifact-audit	pass	29s	https://github.com/Odenknight/GKOS-Engine/actions/runs/34301637353/job/102312860430	
phase5-watcher-linux (22)	pass	3m10s	https://github.com/Odenknight/GKOS-Engine/actions/runs/34301633576/job/102309574072	
phase5-watcher-linux (22)	pass	2m21s	https://github.com/Odenknight/GKOS-Engine/actions/runs/34301637353/job/102309585360	
phase5-watcher-linux (24)	pass	2m34s	https://github.com/Odenknight/GKOS-Engine/actions/runs/34301633576/job/102309573762	
phase5-watcher-linux (24)	pass	3m4s	https://github.com/Odenknight/GKOS-Engine/actions/runs/34301637353/job/102309585331	
phase5-watcher-linux (26)	pass	3m3s	https://github.com/Odenknight/GKOS-Engine/actions/runs/34301633576/job/102309573913	
phase5-watcher-linux (26)	pass	3m1s	https://github.com/Odenknight/GKOS-Engine/actions/runs/34301637353/job/102309585479	
phase5-watcher-windows (22)	pass	10m44s	https://github.com/Odenknight/GKOS-Engine/actions/runs/34301633576/job/102309573970	
phase5-watcher-windows (22)	pass	11m47s	https://github.com/Odenknight/GKOS-Engine/actions/runs/34301637353/job/102309585317	
phase5-watcher-windows (24)	pass	10m33s	https://github.com/Odenknight/GKOS-Engine/actions/runs/34301633576/job/102309573966	
phase5-watcher-windows (24)	pass	11m53s	https://github.com/Odenknight/GKOS-Engine/actions/runs/34301637353/job/102309585271	
phase5-watcher-windows (26)	pass	9m59s	https://github.com/Odenknight/GKOS-Engine/actions/runs/34301633576/job/102309573956	
phase5-watcher-windows (26)	pass	11m11s	https://github.com/Odenknight/GKOS-Engine/actions/runs/34301637353/job/102309585328	
windows-retrieval-path-security (22)	pass	1m10s	https://github.com/Odenknight/GKOS-Engine/actions/runs/34301633576/job/102309574189	
windows-retrieval-path-security (22)	pass	1m56s	https://github.com/Odenknight/GKOS-Engine/actions/runs/34301637353/job/102309585357	
windows-retrieval-path-security (24)	pass	1m46s	https://github.com/Odenknight/GKOS-Engine/actions/runs/34301633576/job/102309574039	
windows-retrieval-path-security (24)	pass	1m8s	https://github.com/Odenknight/GKOS-Engine/actions/runs/34301637353/job/102309585298	
windows-retrieval-path-security (26)	pass	1m12s	https://github.com/Odenknight/GKOS-Engine/actions/runs/34301633576/job/102309573962	
windows-retrieval-path-security (26)	pass	57s	https://github.com/Odenknight/GKOS-Engine/actions/runs/34301637353/job/102309585106	
phase4-retrieval-observation-manual	skipping	0	https://github.com/Odenknight/GKOS-Engine/actions/runs/34301633576/job/102309574465	
phase4-retrieval-observation-manual	skipping	0	https://github.com/Odenknight/GKOS-Engine/actions/runs/34301637353/job/102309585880	
build (22)	pass	18m59s	https://github.com/Odenknight/GKOS-Engine/actions/runs/34301633576/job/102309573917	
build (22)	pass	19m28s	https://github.com/Odenknight/GKOS-Engine/actions/runs/34301637353/job/102309585247	
build (24)	pass	18m19s	https://github.com/Odenknight/GKOS-Engine/actions/runs/34301633576/job/102309573945	
build (24)	pass	18m7s	https://github.com/Odenknight/GKOS-Engine/actions/runs/34301637353/job/102309585327	
build (26)	pass	17m29s	https://github.com/Odenknight/GKOS-Engine/actions/runs/34301633576/job/102309574037	
build (26)	pass	16m30s	https://github.com/Odenknight/GKOS-Engine/actions/runs/34301637353/job/102309585326	
current-2-2	pass	56s	https://github.com/Odenknight/GKOS-Engine/actions/runs/34301637137/job/102309584037	
current-runtime (ubuntu-24.04, 22)	pass	10m30s	https://github.com/Odenknight/GKOS-Engine/actions/runs/34301633568/job/102310625220	
current-runtime (ubuntu-24.04, 22)	pass	13m4s	https://github.com/Odenknight/GKOS-Engine/actions/runs/34301637172/job/102310880693	
current-runtime (ubuntu-24.04, 24)	pass	12m48s	https://github.com/Odenknight/GKOS-Engine/actions/runs/34301633568/job/102310625262	
current-runtime (ubuntu-24.04, 24)	pass	13m18s	https://github.com/Odenknight/GKOS-Engine/actions/runs/34301637172/job/102310880645	
current-runtime (ubuntu-24.04, 26)	pass	13m59s	https://github.com/Odenknight/GKOS-Engine/actions/runs/34301633568/job/102310625336	
current-runtime (ubuntu-24.04, 26)	pass	13m37s	https://github.com/Odenknight/GKOS-Engine/actions/runs/34301637172/job/102310880716	
current-runtime (windows-latest, 22)	pass	28m47s	https://github.com/Odenknight/GKOS-Engine/actions/runs/34301633568/job/102310625217	
current-runtime (windows-latest, 22)	pass	26m43s	https://github.com/Odenknight/GKOS-Engine/actions/runs/34301637172/job/102310880584	
current-runtime (windows-latest, 24)	pass	24m32s	https://github.com/Odenknight/GKOS-Engine/actions/runs/34301633568/job/102310625231	
current-runtime (windows-latest, 24)	pass	26m13s	https://github.com/Odenknight/GKOS-Engine/actions/runs/34301637172/job/102310880753	
current-runtime (windows-latest, 26)	pass	29m44s	https://github.com/Odenknight/GKOS-Engine/actions/runs/34301633568/job/102310625203	
current-runtime (windows-latest, 26)	pass	22m12s	https://github.com/Odenknight/GKOS-Engine/actions/runs/34301637172/job/102310880650	
historical-contract-replay (macos-14, 22)	pass	1m42s	https://github.com/Odenknight/GKOS-Engine/actions/runs/34301633568/job/102309574243	
historical-contract-replay (macos-14, 22)	pass	1m31s	https://github.com/Odenknight/GKOS-Engine/actions/runs/34301637172/job/102309584691	
historical-contract-replay (macos-14, 23)	pass	1m48s	https://github.com/Odenknight/GKOS-Engine/actions/runs/34301633568/job/102309573666	
historical-contract-replay (macos-14, 23)	pass	1m35s	https://github.com/Odenknight/GKOS-Engine/actions/runs/34301637172/job/102309584685	
historical-contract-replay (macos-14, 24)	pass	1m26s	https://github.com/Odenknight/GKOS-Engine/actions/runs/34301633568/job/102309573845	
historical-contract-replay (macos-14, 24)	pass	1m53s	https://github.com/Odenknight/GKOS-Engine/actions/runs/34301637172/job/102309584696	
historical-contract-replay (ubuntu-24.04, 22)	pass	1m52s	https://github.com/Odenknight/GKOS-Engine/actions/runs/34301633568/job/102309573961	
historical-contract-replay (ubuntu-24.04, 22)	pass	1m57s	https://github.com/Odenknight/GKOS-Engine/actions/runs/34301637172/job/102309584683	
historical-contract-replay (ubuntu-24.04, 23)	pass	1m50s	https://github.com/Odenknight/GKOS-Engine/actions/runs/34301633568/job/102309573857	
historical-contract-replay (ubuntu-24.04, 23)	pass	1m47s	https://github.com/Odenknight/GKOS-Engine/actions/runs/34301637172/job/102309584678	
historical-contract-replay (ubuntu-24.04, 24)	pass	1m36s	https://github.com/Odenknight/GKOS-Engine/actions/runs/34301633568/job/102309573936	
historical-contract-replay (ubuntu-24.04, 24)	pass	1m42s	https://github.com/Odenknight/GKOS-Engine/actions/runs/34301637172/job/102309584725	
historical-contract-replay (windows-latest, 22)	pass	3m1s	https://github.com/Odenknight/GKOS-Engine/actions/runs/34301633568/job/102309573984	
historical-contract-replay (windows-latest, 22)	pass	3m7s	https://github.com/Odenknight/GKOS-Engine/actions/runs/34301637172/job/102309584521	
historical-contract-replay (windows-latest, 23)	pass	2m58s	https://github.com/Odenknight/GKOS-Engine/actions/runs/34301633568/job/102309573874	
historical-contract-replay (windows-latest, 23)	pass	2m57s	https://github.com/Odenknight/GKOS-Engine/actions/runs/34301637172/job/102309584612	
historical-contract-replay (windows-latest, 24)	pass	2m53s	https://github.com/Odenknight/GKOS-Engine/actions/runs/34301633568/job/102309573905	
historical-contract-replay (windows-latest, 24)	pass	2m35s	https://github.com/Odenknight/GKOS-Engine/actions/runs/34301637172/job/102309584690	
native-no-change (ubuntu-24.04, 22)	pass	24s	https://github.com/Odenknight/GKOS-Engine/actions/runs/34301637127/job/102309584153	
native-no-change (ubuntu-24.04, 24)	pass	22s	https://github.com/Odenknight/GKOS-Engine/actions/runs/34301637127/job/102309584036	
native-no-change (windows-latest, 22)	pass	1m15s	https://github.com/Odenknight/GKOS-Engine/actions/runs/34301637127/job/102309584195	
native-no-change (windows-latest, 24)	pass	1m1s	https://github.com/Odenknight/GKOS-Engine/actions/runs/34301637127/job/102309584339	
phase5-watcher-artifact-audit	pass	25s	https://github.com/Odenknight/GKOS-Engine/actions/runs/34301633576/job/102312594950	
phase5-watcher-artifact-audit	pass	29s	https://github.com/Odenknight/GKOS-Engine/actions/runs/34301637353/job/102312860430	
phase5-watcher-linux (22)	pass	3m10s	https://github.com/Odenknight/GKOS-Engine/actions/runs/34301633576/job/102309574072	
phase5-watcher-linux (22)	pass	2m21s	https://github.com/Odenknight/GKOS-Engine/actions/runs/34301637353/job/102309585360	
phase5-watcher-linux (24)	pass	2m34s	https://github.com/Odenknight/GKOS-Engine/actions/runs/34301633576/job/102309573762	
phase5-watcher-linux (24)	pass	3m4s	https://github.com/Odenknight/GKOS-Engine/actions/runs/34301637353/job/102309585331	
phase5-watcher-linux (26)	pass	3m3s	https://github.com/Odenknight/GKOS-Engine/actions/runs/34301633576/job/102309573913	
phase5-watcher-linux (26)	pass	3m1s	https://github.com/Odenknight/GKOS-Engine/actions/runs/34301637353/job/102309585479	
phase5-watcher-windows (22)	pass	10m44s	https://github.com/Odenknight/GKOS-Engine/actions/runs/34301633576/job/102309573970	
phase5-watcher-windows (22)	pass	11m47s	https://github.com/Odenknight/GKOS-Engine/actions/runs/34301637353/job/102309585317	
phase5-watcher-windows (24)	pass	10m33s	https://github.com/Odenknight/GKOS-Engine/actions/runs/34301633576/job/102309573966	
phase5-watcher-windows (24)	pass	11m53s	https://github.com/Odenknight/GKOS-Engine/actions/runs/34301637353/job/102309585271	
phase5-watcher-windows (26)	pass	9m59s	https://github.com/Odenknight/GKOS-Engine/actions/runs/34301633576/job/102309573956	
phase5-watcher-windows (26)	pass	11m11s	https://github.com/Odenknight/GKOS-Engine/actions/runs/34301637353/job/102309585328	
windows-retrieval-path-security (22)	pass	1m10s	https://github.com/Odenknight/GKOS-Engine/actions/runs/34301633576/job/102309574189	
windows-retrieval-path-security (22)	pass	1m56s	https://github.com/Odenknight/GKOS-Engine/actions/runs/34301637353/job/102309585357	
windows-retrieval-path-security (24)	pass	1m46s	https://github.com/Odenknight/GKOS-Engine/actions/runs/34301633576/job/102309574039	
windows-retrieval-path-security (24)	pass	1m8s	https://github.com/Odenknight/GKOS-Engine/actions/runs/34301637353/job/102309585298	
windows-retrieval-path-security (26)	pass	1m12s	https://github.com/Odenknight/GKOS-Engine/actions/runs/34301633576/job/102309573962	
windows-retrieval-path-security (26)	pass	57s	https://github.com/Odenknight/GKOS-Engine/actions/runs/34301637353/job/102309585106	
phase4-retrieval-observation-manual	skipping	0	https://github.com/Odenknight/GKOS-Engine/actions/runs/34301633576/job/102309574465	
phase4-retrieval-observation-manual	skipping	0	https://github.com/Odenknight/GKOS-Engine/actions/runs/34301637353/job/102309585880	
